"","TgXBP1s /
WT","5xFAD /
WT","TgXBP1s-5xFAD /
5xFAD"
"Mecp2",0.330938614181211,-4.33242297018816,1.05819177702011
"Sh3bgrl",-0.723214850066153,-3.71411848309621,1.10718403538993
"Palm2",-1.40190209303868,-3.47713890444204,2.25932649803825
"H1f0",0.448775222159282,-3.46538200315441,0.704580705772882
"H3f3c",0.634316687389727,-3.38264111514487,0.901418421588385
"Lmna",0.45036892983755,-3.26924384059659,0.890493376538796
"H2afx",0.454140839650263,-3.22986655432701,1.23562959317924
"Hspg2",0.0528456036655106,-3.21752073034938,0.30992923500162
"Hist1h4a",0.560463720275356,-3.15402120242524,0.848788476018718
"Palm",1.54991789857804,-3.11585286085648,2.00656868120939
"Hnrnpa2b1",0.485199026234325,-3.01512658284482,1.41524529850441
"Gstm5",-1.66488394602891,-3.00709014047795,0.781955872055027
"Hsd11b1",-0.425009800205542,-2.92005996313563,1.17058491472163
"Lmnb1",0.803592427914307,-2.82047158010614,0.463189502550291
"Hnrnpa3",0.42524729718415,-2.81131001369141,1.72339162592769
"Ivd",-0.494463578762401,-2.8062994209638,1.12568702653594
"Cttn",-1.44120884631419,-2.6752503718723,3.16493708672012
"Hnrnpd",0.635147099752244,-2.63494852619251,1.68091253425587
"Actr3b",-1.43573639464422,-2.62408259512744,2.01701414208921
"Lmnb2",0.700023198275794,-2.58335560903242,1.14675607559932
"Sms",-0.476016156036099,-2.57968201539196,1.89928252679581
"Lama5",0.16176219126895,-2.5686885581129,-0.0698099217973627
"Etfa",-0.191108338210372,-2.54739245105535,1.24824433309946
"Lamb2",0.173005938124041,-2.54350082060243,0.117278974879432
"Tpm1",-0.992389244190428,-2.50218882815493,1.63834917951747
"Mapt",-1.08128653376609,-2.48717796438712,1.80453538342488
"Shroom2",-0.0619294786879021,-2.48242815648415,-0.0791347151777929
"Acyp2",0.125063565510324,-2.44820485844877,1.94207694733742
"Sncb",0.0428603003067458,-2.39407854060331,2.76245797621073
"Cltb",2.02143691812792,-2.38612957572541,2.35905243772839
"Aldh2",-0.0182367079577604,-2.38481057997358,1.72299325973558
"Eif4b",-0.0326954003363708,-2.38108414460302,1.39566508049813
"Srsf1",0.506456238706765,-2.33330821812743,1.95390163815741
"Tfam",0.126971333318042,-2.31877355324142,1.29794166848946
"Tmod2",-1.50601330465684,-2.30109639849191,2.39978477013225
"Pvalb",0.441588459040239,-2.25639052083836,3.10439257802503
"Slc2a1",0.465580275204775,-2.24530745534063,0.0924229827480112
"Rbmx",0.384363169067346,-2.20897281757069,1.2291226041208
"Ndufs4",-0.467504241373921,-2.20057422746474,1.96029482387048
"Cfl2",-0.119404993357111,-2.1999277007833,2.42233094055488
"H2afy",0.862646928481528,-2.1905702869506,0.262991507454025
"Dbnl",-0.296160888296291,-2.18535425694523,2.7309706337336
"Anp32a",0.323521919435041,-2.15400858790723,2.89540384626562
"Hnrnpdl",0.449907985116333,-2.14623107849041,1.04527191212114
"Ptms",0.19820296718374,-2.11489821701052,2.06098815593539
"Hnrnpab",0.539005342698003,-2.10238132223088,1.3211585612125
"Pacsin1",-0.399965922864307,-2.09561309010307,1.35581614224456
"Glod4",-0.31399849838762,-2.07984047076873,2.68235219365624
"Ddt",-0.0740184330057221,-2.05325088633192,1.75859278824344
"Lamc1",0.137907203464475,-2.05132642287277,0.127232066570085
"Ppp1r12a",-0.0299794379904843,-2.02669987699006,1.12176407538681
"Safb",0.379720624550999,-2.02355687551834,1.61995438929586
"Tceal5",1.18373138644534,-2.01004923886586,1.61293503885482
"Tpr",0.742206950914577,-1.99916562597197,1.83275601853631
"Cfl1",-0.365790511311468,-1.95446398724275,2.97630115254804
"Lasp1",0.153958415836109,-1.92561154449757,0.381174734537693
"Slc9a3r1",-0.0242946585464151,-1.9103034090127,1.80520381964449
"Map1a",0.433067331925044,-1.90926880383192,1.32949624800809
"Capzb",-0.873097868217871,-1.89165878920071,2.66365315078701
"C1qbp",-0.0532465253143281,-1.87966023577246,1.70213182570531
"Ptma",0.0181402541892781,-1.8782331389577,2.44007605976892
"Arpc3",-1.17364229895154,-1.87773914039997,1.93355300465764
"Add2",-0.76509894051097,-1.87042711564151,1.20086437821988
"Banf1",0.408026300797601,-1.8677159429739,1.62826771423847
"Tpm3",-0.701784696805035,-1.86060308855692,1.83436804688778
"Pdxp",-0.447927965884784,-1.85866697855399,1.37311977047643
"Lancl1",-0.294509064354458,-1.84343579437126,0.626373920231525
"Map1b",0.542615702777589,-1.83386518454585,1.14577128725765
"Acad8",-1.15541120872938,-1.80886655853513,1.50785809680668
"Scrn1",0.266808426045318,-1.80640808921825,0.474716650922215
"Fabp3",-0.383169850313598,-1.80237365468801,1.99452914761371
"Inpp1",-0.208713489636563,-1.79580009300815,1.77562978522
"Hnrnpl",0.528547898417443,-1.78750618472757,0.669814207920092
"Gda",-0.565008501005799,-1.75901560284048,0.840144341444807
"Pgp",-0.204729386567712,-1.7461015065308,2.26160780729551
"Gpt",-0.455539720632203,-1.74506078733816,1.66146929106758
"Itpka",-2.17002462505923,-1.74205573689871,-0.10508477104575
"Tra2a",0.599384581387399,-1.7346493708609,-0.00145360879854844
"Isca2",0.361195819240529,-1.71693939823991,2.05925260550084
"Rad23b",-0.165025916479521,-1.71248008873696,0.931430805019959
"Stip1",0.189073556541613,-1.67821391233967,2.34709991199387
"Xpnpep1",-0.857037185431793,-1.67101389787055,0.939508168759444
"Acaa2",-0.731402386619252,-1.66992987978358,0.172139137776815
"Set",0.443126286687623,-1.661031579899,2.83956883685658
"Sri",-0.594983361694774,-1.65631052589215,1.36754792304099
"Vbp1",0.811230378478911,-1.64428609002491,1.59919678909158
"Ppp5c",-0.255951853482527,-1.63788517945725,2.48761448563079
"Epb41l3",1.01592643049541,-1.63364586280482,0.483829274254066
"Tppp",-1.11718944362753,-1.63279020640622,1.20840389360594
"Khsrp",1.08827482741941,-1.62698345904843,1.35902048503065
"Eif4h",-0.23580165422906,-1.6138439867832,1.54677350221555
"Etfb",0.0347866175306502,-1.6025806692478,1.9033827047637
"Tsn",1.00047111599551,-1.60099911480023,0.51412061236038
"Dld",-0.465883757211677,-1.59176955139025,0.457003602879938
"Rps21",0.467953694605469,-1.58876442324352,1.51498221769273
"Hprt1",-0.316145179472455,-1.58494048817767,0.611060223700255
"Epn1",-0.993561985508373,-1.57696156468003,2.27840615280447
"Dagla",-0.645180833306423,-1.57199283049675,0.521344663189356
"Agrn",0.0952373204721301,-1.54517387918672,0.156848458325915
"Dlst",0.504464059335871,-1.54391948777338,0.47823572731517
"Actb",-1.36682149187097,-1.52969915765624,0.711069109648193
"Nudt3",-0.857194507715923,-1.50708542996274,0.437798953947747
"Myg1",-0.0861595215511275,-1.48195226267788,1.15894054113823
"Prdx3",0.571659819202424,-1.47947783979768,2.10738804412708
"Actr3",-1.25713117926431,-1.47852434243902,2.11862938944399
"Dtd1",0.137217457116366,-1.47665337039476,1.40356112053042
"Aak1",-1.15297364615332,-1.46169559953698,0.731168670115035
"Impa1",-0.153387259029434,-1.45699412660051,1.82156650482621
"Atp6v1g2",-0.839502407285841,-1.45584363868035,1.12822769454624
"Tpm4",0.526618452219077,-1.43994806485236,1.05877829388679
"Hagh",-0.384265913759259,-1.43727780220527,1.24244551076842
"Psip1",0.442039314072301,-1.43429761762738,0.33369757180082
"Ppp1r9b",-0.666754119382267,-1.42831594752848,0.814373159625976
"Bphl",0.0542136999353653,-1.41267126959292,2.09835240820551
"Hnrnpu",0.590593699375734,-1.40561836148644,1.11375767327727
"Slmap",-0.150779201646377,-1.39666113250202,-0.393344937837362
"Tgm2",0.0662355419076339,-1.37071173106457,-0.133236379917095
"Lppr4",-1.70978830614876,-1.36773141168898,-0.117054142383944
"Pabpn1",0.935501543373896,-1.35022939843593,1.59420430714268
"Ube2l3",-0.143864399566541,-1.34847024104873,2.99482281917565
"Trove2",0.822925500835652,-1.34300859193311,1.9080515201891
"Timm10",0.302187456537041,-1.33782006134462,1.66986387992986
"Ermn",-0.306062182519875,-1.32803521782137,1.90424083506962
"Pitpnb",-0.970803407249975,-1.32619839043108,0.510477473628884
"Nid1",0.280982604799387,-1.31903067276327,-0.117155989251514
"Napg",-0.867620213282601,-1.31562344769903,1.00369620206222
"Gprin1",0.109798609835665,-1.31413266939904,0.798645811638211
"Elavl1",0.609441417715219,-1.3094955065602,0.98638697921952
"Oxr1",-0.888564947347803,-1.30838310516229,1.68149845069044
"Tpi1",-0.390959001495409,-1.29047775436133,1.5709590298332
"Serpinb6",-0.518051040939067,-1.27582740316439,0.364145600350648
"Pdap1",0.134608560132642,-1.27092448909584,3.40887911537804
"Acot2",-0.960830112331883,-1.26903666946151,0.528642552532287
"Atp6v1c1",-0.857675461391419,-1.26790405022585,0.990645855588723
"Rps28",0.395170117712422,-1.25767437378535,1.95118968473997
"Rab23",-0.0926627431609535,-1.25113747726563,0.804248862250086
"Acad9",0.293751166218228,-1.25068211158237,0.456258230815209
"Map4",-0.119869589490249,-1.25025620019338,2.44351541002313
"Smc1a",0.594023964481636,-1.23486605611491,0.124342886419064
"Psmb7",0.478284471067012,-1.21990345009591,1.05471395521799
"Mdh1",-0.0951399174289895,-1.21933719345213,0.470812504109282
"Adss",-1.24890159530351,-1.21344861784895,1.2624393377868
"Aldh9a1",-0.0874473196242802,-1.20956886076048,1.04529318905483
"Tceb2",-0.229369783067267,-1.2057778438349,0.51637462015136
"Diras2",-0.901500843433059,-1.20334426062969,1.40020500032148
"Ppia",-0.104803199902883,-1.18513701189759,2.92853377892635
"Hnrnpk",0.711006006144058,-1.18300870468765,1.38676353168057
"Hdhd2",0.0492550606670591,-1.18143035430498,1.47472864932443
"Ppp2r4",0.186226930394595,-1.18024922853073,0.948143234602936
"Pck2",-0.00704580981648183,-1.17220732432753,0.709166522531729
"Sptb",-0.135426503290466,-1.16758461909451,0.852242573067921
"Pgls",-0.0405506435892011,-1.15879624362863,0.395504878631436
"Hnrnpc",0.635007418811317,-1.15850248475179,1.99581735496165
"Syncrip",0.296062720315881,-1.15780610380388,0.298387672202275
"Pgam1",-0.436784815404068,-1.15744651307217,1.07996717966104
"Pcca",-0.788132545903503,-1.15449767459812,0.0709246385462487
"Oxct1",-0.21076028992748,-1.15107658679649,-0.107197482581796
"Pnkd",-0.826324226667857,-1.14054745815268,-1.19055456643462
"Clip1",-0.189305856383074,-1.13964066612857,2.03837363162896
"Ptk2b",-1.86381855346823,-1.13499403039758,1.82044176258705
"Crk",-0.0503859161877282,-1.13467050349159,1.06742218360659
"Arpc2",-1.62775937365997,-1.13460980869767,1.26438890078055
"Twf1",-0.850286546518774,-1.13153029010943,1.32196241810164
"Usp14",-0.351714970820077,-1.12794358968156,0.555478355978371
"Ddx39b",1.20948410767177,-1.12452698428297,1.69031363518706
"Capza2",-1.37885923087122,-1.12252892299593,2.07175000005224
"Ephx1",-0.358725591138345,-1.11459106959844,0.869742308294307
"Lsamp",-1.31122745760033,-1.10890464036557,0.14921190352483
"Sh3bgrl3",-1.84562638211687,-1.10427425233828,0.839355951467847
"Coro1a",-1.14453429017716,-1.09650516558133,1.11911182411941
"Ppp1r7",-0.479192160767898,-1.08553901364787,1.32624574419561
"Calb2",0.977528270928488,-1.08053800522575,1.22089451046466
"Ppm1e",-0.907247017573494,-1.07687198230088,1.69122811931804
"Otud6b",-0.188310145092483,-1.07580895606001,0.505055836136896
"Matr3",0.468058069699732,-1.07170722115478,0.306620840258073
"Cab39",-0.14102421866792,-1.06836340648469,2.34068722047656
"Fh",-0.317801363276546,-1.06690689375782,0.0298221399151679
"Eps15l1",-0.818084047195857,-1.05381614412647,0.615600010220561
"Mbp",0.015304356658311,-1.05133292967739,-0.0122041736671465
"Auh",0.166993270265823,-1.04659171412352,0.0844400425687889
"Rab3b",0.461199208939289,-1.04297885034852,0.637750203013668
"Abat",0.519871989963541,-1.04255539802026,0.550595977313384
"Pfn2",-0.75605246944973,-1.04057894465903,-0.126507792804846
"Dstn",-0.570500523771092,-1.03957484182564,1.10069580984944
"Gstp1",-0.574346564702761,-1.02617822556273,0.897599455383469
"Ndufv2",0.213920627195984,-1.01416560536556,1.50148036805536
"Aldh5a1",0.0244782352515561,-1.00867606756583,1.18511020530593
"Ppm1g",0.945210840896404,-1.00821293352861,1.24111128449135
"Pitpna",0.0541964267632132,-1.00494897311315,2.01650661762004
"Add1",-1.17212812358655,-1.00041360642576,0.237575682088559
"Bcan",-1.00816282610839,-0.996675699582385,0.752188708573726
"Nck2",-1.15442629308319,-0.992145084967742,0.969242621799768
"Eea1",0.00765905408340019,-0.992096077013244,1.90331445542625
"Mdh2",-0.218505102932196,-0.989151665189036,0.601135529079778
"Fkbp3",0.3325063337101,-0.986555110387512,0.547316048361632
"Grhpr",-0.33837846081991,-0.985349885874644,0.946712746712447
"Arpc4",-1.24089725650784,-0.981312654007117,0.974701065748331
"Kbtbd11",-1.57788450589575,-0.976006637583588,0.311946096333025
"Cops3",0.0493711291670979,-0.973100513835075,0.818332141394767
"Prpsap2",-0.654219514520522,-0.970089613424367,1.07841561985535
"Rhog",0.0961154097364207,-0.970067650533841,-0.201167337384659
"Enoph1",-0.46840616346577,-0.969859137844003,0.12249724155193
"Ubqln2",-0.141496836717838,-0.960158731868314,1.87506168157236
"Idh2",-0.858677745074136,-0.95593244195426,0.882655181220107
"Rasal1",-1.60945807347052,-0.955813700598928,0.209947426581819
"Sh3gl1",-0.036231437291129,-0.952719980095282,1.96992742740262
"Hspa12a",-1.15563385730606,-0.950374230914587,0.354186026320585
"Hnrnph2",0.194779712280083,-0.94781328296706,-0.433999536174908
"Asrgl1",-0.144215357671007,-0.943913782337749,2.43227228831252
"Hspa1b",-1.60379765204701,-0.942958843645433,1.24794979917638
"Tars",-0.578946637594745,-0.934192278166492,0.102873519841385
"Rbbp4",0.661665056317226,-0.932726495450346,0.692121625059199
"Sptan1",-0.589023071211547,-0.931043405773797,0.500081801081962
"Calb1",0.406834761189187,-0.927952295758099,2.19079964089921
"Slc6a11",1.64355325343444,-0.927911798191031,-0.45890917323026
"Pebp1",-0.348544761252728,-0.92705682951418,0.492003965191192
"Calm1",-0.672409795474049,-0.927013396435682,1.34098928157199
"Qdpr",-0.484242900456528,-0.92255023395512,0.944637148284038
"Ssb",0.498465312595533,-0.918780829497307,0.299691921837155
"Atp6v1e1",-0.737082422110595,-0.916370084549033,0.699964529354079
"Ubl4a",-0.480359947154453,-0.916044742195722,0.459223990637016
"Sfpq",0.769815560751281,-0.912130363832093,0.574204168772299
"Phyhip",-1.15942358832827,-0.904822524880801,0.240061136900528
"Ezr",-1.58159779848175,-0.904071549593326,0.9469063442237
"Ptprz1",-0.0660831598946827,-0.877181731461983,1.20997937337567
"Vat1l",0.118043106810329,-0.8767881797523,-0.397697978855248
"Pip4k2c",-0.908661565468385,-0.876230315904735,1.37202955782303
"Nono",0.667506416683644,-0.873839500777791,0.46348129629371
"Park7",-0.186365534393938,-0.869621584590424,2.8270925869816
"Wasl",-1.55612339395161,-0.869464245042113,1.22009315178975
"Ncl",0.762319852314436,-0.862506505736963,1.13866559376122
"Phgdh",-0.248590196517697,-0.861101093567516,0.970540613494282
"Dbn1",-0.409979427856697,-0.860421799597177,0.600625653071289
"Got1",-0.220844445494175,-0.860054207802333,0.434388743732585
"Apmap",0.39591619537051,-0.859143652336156,1.05832387640222
"Prepl",-0.223306113156,-0.857904799177257,1.39264521956099
"Prdx5",-0.811805042774905,-0.856175228029136,0.497718142542941
"Hnrnpul2",0.673296030914407,-0.849701489369545,0.908103099495488
"Rdx",-0.0878044843165949,-0.838683114661516,1.70119069002849
"Arpc1a",-1.20969708519275,-0.83810779776082,0.650171569643933
"Mapre2",0.0369972589223438,-0.836196353510518,-0.0268017009415758
"Glul",0.0430417616419452,-0.83290110916575,0.573815947610767
"Ckmt1",0.0842966042851137,-0.829060301175718,1.49372679674231
"Crym",-1.22760413417357,-0.828292503942194,0.527332315791917
"Gpi",-0.759357872446414,-0.819688981197404,0.374068529044567
"Arl3",-0.248634801330678,-0.812351033922831,0.91021892984533
"Cmpk1",0.0917910144678158,-0.810534066250757,0.610067415271381
"Ywhaz",-0.305012745269646,-0.80989765070498,0.798152556663435
"Hp1bp3",0.745534159889577,-0.806635955771299,0.0871639454960351
"Specc1",-1.65808375720199,-0.805205483516243,0.271248267185301
"Cops4",-0.131243161720259,-0.799695992850389,0.731221338801946
"Tardbp",0.441919739017572,-0.787053675946221,0.151840022704814
"Dpysl3",0.00731496083924019,-0.784262212617846,-0.885751284756083
"Cbr1",-0.00372901125756711,-0.781140232293247,1.19783572698093
"Wasf3",-0.803503600254834,-0.777421507449747,0.206190075215546
"Aamdc",0.0734362579309848,-0.770365224968166,0.612315666933943
"Hnrnpa1",0.542540403543391,-0.769291428929737,0.25610037297971
"Wasf1",-1.75470037410545,-0.769249433273056,0.750446914465257
"Dhx9",0.70414264453664,-0.762606115794572,0.736701972223129
"Hadh",0.319059300130203,-0.759314795927859,0.604168102311071
"Bin1",-0.129758567731038,-0.759000930509842,1.28760297352787
"Map6",0.76827447349164,-0.752668724893296,0.212766853964727
"Prdx2",0.281355442592099,-0.748616250333234,1.90090681097159
"Akr1a1",-0.319212582329545,-0.74704143011969,-0.016976502373377
"Ube2v1",-0.301287778842942,-0.742117783784743,0.665414165880211
"Ccdc177",-0.84532598535008,-0.737016426278291,0.628593642617903
"Eif4a3",0.967619785444293,-0.736866469249921,0.433834898524684
"Uchl1",-0.312188388357058,-0.73449832563949,1.32533171804921
"Lrrc47",0.0678180873739245,-0.733377201288609,0.76651914074663
"Psma7",0.171071400402806,-0.732566078397021,1.24964342730377
"Mog",-0.470916566951822,-0.728584299432987,-0.502439295617652
"Cs",-0.09663292878979,-0.726993121251316,0.147682580079784
"Nop56",0.436513259126304,-0.717937127473057,0.467803441432945
"Myh11",0.179954891442217,-0.716779697221489,-0.503267386418938
"Ahcy",0.477198264067795,-0.716155655856696,1.07233210627138
"Pgk1",-0.272691568977016,-0.712465820284529,0.779948149858034
"Mif",-0.181777371985725,-0.709313024893008,0.527397797760418
"Map2k1",-0.0747542872713835,-0.702288157155939,0.670388842440935
"Aldh7a1",-0.0921089092226598,-0.694999975062679,1.60182436281472
"Ddx5",0.658611946894219,-0.689786599006581,0.373941664098848
"Cbr3",-0.976114864973973,-0.688364525318066,1.20886797003199
"Cox6b1",0.159695085007826,-0.685082577054131,0.0890276748151154
"Psma4",9.96516914339686e-05,-0.676854592983725,1.33370248160237
"Pak1",-0.0594933564796867,-0.676089991494105,1.34388786757811
"Fah",-0.0458352165398177,-0.674147705232607,0.453732868145959
"Srsf5",0.585490955629266,-0.67228505755008,0.144368435350003
"Clmn",-0.198050209388779,-0.671248189643451,0.797576292889228
"Pcmt1",-0.650406347943762,-0.66537224167239,0.294562793164705
"Fscn1",0.450946956693183,-0.660179864509816,0.533956851072042
"Ktn1",0.281823120249093,-0.657483095962442,0.96008819039324
"Raly",0.432086037598807,-0.652513083709848,-0.00176560829727383
"Pspc1",0.999235926332098,-0.648108079739222,0.525434180621932
"Ak1",0.061227150551856,-0.645191371365017,0.994120531533186
"Begain",-1.31011065160501,-0.6451340854534,0.499186662627004
"Ppp3ca",-1.30913294772022,-0.642290874646517,-0.0972245892201862
"Cap2",-1.04501837676935,-0.639231815809875,0.137246235475606
"Lin7c",1.32199358963265,-0.637853509060439,0.97097929978029
"Pccb",-0.296402016019951,-0.634313237531035,0.818057042126351
"Gdi1",-0.359598981220038,-0.63165957724331,0.535753953447121
"Nmt1",-0.0466556412542377,-0.629745242238591,0.7497264136405
"Grin2a",-1.53603336918591,-0.628160124133699,0.01960640812868
"Camkv",-1.57109334799831,-0.622125015425716,0.378941070299106
"Cacna1e",-1.49137160174386,-0.620444867241204,0.0727107374556754
"Twf2",-1.31490504689552,-0.614127132816939,1.63886859276713
"Ina",-0.495689031997294,-0.611637969236963,-0.146019005176706
"Taldo1",-0.309868382726693,-0.609883905149073,0.563911250807313
"Nefm",-0.274957349631571,-0.605358589797144,-0.216850237170821
"Hnrnph1",0.783680809941188,-0.604499342835573,0.981524279479851
"Hcn2",0.17967180396466,-0.604036014379892,-0.135574948325595
"Cnp",-0.488147638822466,-0.603069778916769,-0.172235310661455
"Myo1d",-0.461858265186667,-0.601943307937723,-0.048461859416734
"Psma1",-0.301229620260451,-0.601708613954826,0.899465092744091
"Ncdn",-1.73855606741894,-0.597799755841986,0.0406682367467396
"Elavl3",1.04903437402079,-0.59511757928941,-0.335435099417924
"Dctn5",0.138802247414482,-0.594439293381388,0.0321326024410541
"Uqcrfs1",0.202832496776831,-0.594221749897955,0.149617679692384
"Srr",-1.47306428281387,-0.594127088434847,0.250133669940257
"Lancl2",-0.0114490035494362,-0.589364694825926,0.452754538065302
"Ldha",-0.943515199337083,-0.583293652439993,0.248562366110661
"Gpm6b",-1.25361061140556,-0.582755512407232,-0.147863941102708
"Ndufaf2",0.00434161822767453,-0.577992819023421,0.811573685961565
"Gldc",0.504483699795321,-0.572852514226459,-0.273155499350038
"Prkar1a",0.402572338088003,-0.570947306662022,0.101167934945523
"Arhgdia",-0.330209777020751,-0.569291626780027,1.30868151416677
"Fam49a",-0.511693023429669,-0.567363424560819,0.693869174240055
"Ahcyl2",0.269437062354882,-0.558072737464031,0.862925092487195
"Ppa1",0.753855563959442,-0.555671665004308,0.897835394003216
"Ywhab",-0.334118796888484,-0.554729493398097,1.34549912286152
"Necab2",-1.7798087082178,-0.550425943512362,0.113058336799393
"Rpn1",0.223396658592026,-0.54988220007174,1.16489827018854
"Acta2",0.0417322407042788,-0.545675049773709,-1.64023070262926
"Dlat",-0.347025244450836,-0.543786034563997,0.744969382684823
"Agap3",-1.13304983329602,-0.542459092520631,0.842936429650042
"Nsf",-1.67927568655355,-0.535444861561055,-0.115809857839023
"Thrap3",0.476157145957647,-0.533518524514621,0.183348127804299
"Wdr1",-0.739831978165032,-0.532441273786968,0.537379456028395
"Homer1",-0.514575011651637,-0.531920028936664,0.791075343773638
"Idh3a",-0.174323097578048,-0.531915308680218,0.0154936077180511
"Nadk2",-1.07484871171307,-0.529955663517413,0.863683002613654
"Dnajb1",-0.0395577589740446,-0.520658297036711,-0.263120270616628
"Hnrnpm",0.507552565566141,-0.518961308970336,0.718648401664112
"Psma3",0.202314623554901,-0.51720650680414,0.537757431575013
"Rab11b",0.306525959160285,-0.501404965511814,0.248669459345328
"Myef2",0.634101310856686,-0.49830834389833,0.940864803255479
"Rnf214",-0.109301837102,-0.497072087866872,0.46239103594543
"Pgd",-0.000625617562431397,-0.496728709914196,1.63503419184497
"Gripap1",0.374939456909022,-0.496298941403797,0.528056316332358
"Maob",-0.334142732371016,-0.495957796639648,-0.045043965747897
"Grb2",0.268213978677637,-0.49297499279707,0.349381898533402
"Stk39",-0.137288366447209,-0.492890137707997,-0.460569309151599
"Ldhb",0.290179372743524,-0.486862783572571,0.249451826135272
"Psma6",-0.294701944156616,-0.485992826776714,0.723171744496097
"Mut",0.0293478107044766,-0.484620838262943,0.375311415947153
"Prkcg",-1.73173748872993,-0.483207336384812,-0.498909694593203
"Plcb1",-0.759420667162001,-0.477784456653548,0.023878254329698
"Nsfl1c",-0.116324807915604,-0.475996237885654,0.644175641617191
"Thnsl1",-0.284109487089999,-0.470569741635455,-0.906535921503033
"Crocc",0.341692370639262,-0.46987080819648,0.405092545751382
"Cand1",0.0497176764003986,-0.469525296687127,1.42152317993772
"Dpysl2",-0.395476228111113,-0.468009604543979,0.326997268716935
"Rtn1",-0.10840038517184,-0.465981644663732,-1.05626519296869
"Blmh",0.0272772903903064,-0.465685935544727,0.640522531633116
"Dip2b",0.28815473246296,-0.462876153946029,-0.419651049419548
"Ndufs1",0.382857757214868,-0.460921086957878,-0.043233831105295
"Fmr1",0.0438740066556908,-0.460553542164769,-0.490866146992295
"Ywhae",-0.161583846138911,-0.459601500463594,0.852042092118565
"Wars",-0.152131005022974,-0.456998861260189,0.312550737689511
"Myl12b",0.303563388644054,-0.452793979754787,0.539869646715725
"Gap43",1.53696787668272,-0.446360172435976,-0.258368677976767
"Pip4k2b",-0.212280975447149,-0.445759971953584,0.654656607423375
"Septin11",-1.30277125014997,-0.444820429830506,-0.270653540438716
"Nampt",0.112201274956397,-0.444269428084713,1.16784608906631
"Hspa4l",-0.0316159724306308,-0.44074692387358,0.243766743429057
"Synj1",-1.03241529665098,-0.437492326003876,0.0313516351236041
"Cpne4",-0.0855527430886172,-0.437424786128421,-0.371737193321538
"Lta4h",0.43413044140361,-0.437160611676628,1.33929867552058
"Sirt2",-0.490619372145752,-0.431798777806272,-0.131373788627461
"Api5",0.606461702005866,-0.431266229553678,0.215929928583067
"Stmn1",0.865903400899375,-0.427526929217663,0.424813406932108
"Psmb4",0.075522910485599,-0.42426893847598,1.61591275324939
"Camk1d",-1.53089464173584,-0.422993823235853,0.0492388479164475
"Prkcb",-1.03152895720895,-0.417171219895733,0.143798671050052
"Sptbn1",-0.354076355627589,-0.414112669167543,-0.047782928648608
"Timm13",-0.23748600761325,-0.413609645877055,0.748158652704102
"Septin3",-0.670603665678358,-0.409602475583644,0.770095350773957
"Mapk10",-1.5856413231174,-0.407717777084195,0.895756405310605
"Paics",-0.423754772399147,-0.407677151253137,-0.20379921668473
"Cadm4",-0.012979687144231,-0.407641973558621,-0.0547836772258357
"Tcerg1",1.36402340762384,-0.401574040925544,0.299858414378445
"Pdhx",-0.765430174724165,-0.398153343868124,0.0546379333551877
"Srsf4",1.30490835979129,-0.395436967861565,0.490291879178363
"Eftud2",0.506344976885985,-0.394052903373484,-0.253662862898909
"Rbm14",0.670916592946519,-0.393551300751256,-0.35876970709879
"Nudcd3",0.221394874842489,-0.389407687656365,0.917465518516095
"Fabp5",-0.480919993243839,-0.383848326899298,0.354309365544018
"Ppid",-0.0908427934921726,-0.382710154534795,1.73266254956666
"Serbp1",0.228486692244258,-0.382122853133319,0.813051349857565
"Rpl30",0.433577627525592,-0.379182815149204,0.683620438668233
"Hadha",0.284128782275861,-0.378192515883026,0.230317896724489
"Cpne6",-1.42298917046755,-0.377170255240116,0.462702868978226
"Npepps",-0.188066228679729,-0.373943186497986,0.308578198981904
"Ncan",-0.445789720825683,-0.372226486074122,1.48252009176177
"Sart3",1.09785885827961,-0.370911279054509,0.493568954726326
"Pfdn2",0.651682159464552,-0.36978455525353,1.47290929456384
"Acat1",-0.574075586535902,-0.365442474170965,0.1400029395719
"Psmb5",-0.112803768277334,-0.361132088059447,0.120669535646026
"Ca2",-0.27741132782931,-0.357168615623582,0.126851126626315
"Ptpn11",0.161593153707792,-0.354980033357858,0.0582393513109676
"Acadl",0.112873218192224,-0.354669309484261,0.578206228792961
"Nfs1",-0.21649302082608,-0.352382848460334,1.0517693439965
"Sdhb",0.301391531797968,-0.349110551926105,-0.0433000660700837
"Pepd",-0.269705080117149,-0.347705748708704,1.47302412333716
"Camk4",-0.0727278329908079,-0.3461653525634,0.302414571157707
"Dusp3",-0.0155661102472594,-0.341549384781106,-0.113879253198478
"Necap1",-0.789665586901958,-0.340156460324801,0.485579689005932
"Acadvl",-0.332344807840407,-0.335084317685698,0.168635803984017
"Prep",0.0334395781445766,-0.334781184251683,0.976473694680194
"Nefl",-0.127122750961945,-0.334275054682021,-0.639266235262802
"Uba1",-0.428035551363717,-0.333905686129563,-0.415660868778325
"Hspa4",0.472145346226913,-0.332638924388698,1.04562744928927
"Pgm1",0.132649162540823,-0.332487089828169,0.814495370608143
"Ndufv1",0.606967007874787,-0.331398082346032,0.339635165535113
"Cmas",0.687611704575643,-0.330716951945188,-0.0472975367280553
"Paip1",0.338961247387985,-0.329769980737291,0.571038497355806
"Prosc",-0.275909264696601,-0.328160875064897,-0.106610061562758
"Prmt8",-0.0196016258665843,-0.32757266041786,-1.3553329091111
"Spr",-0.434072753453093,-0.327001051647565,0.30272445275607
"Mpp2",0.884113373228826,-0.325600915423615,0.183495030517598
"Lman1",0.0615284123852026,-0.321832129986806,0.339987045727318
"Hspa9",-0.608335158626593,-0.321096210972956,0.421812496399081
"Camsap2",-0.545573367692093,-0.320326005394255,0.220493725000672
"Pkm",-0.416043147224989,-0.319105046677179,0.240627853433046
"Psmd3",-0.254147540662054,-0.318088306549695,0.126981828202971
"Rtn3",-2.05195930314233,-0.317770886308442,-0.714181165052429
"Ablim2",-1.12477025172068,-0.316992628013842,0.0581781637592595
"Timm44",-0.0654998396617097,-0.313205663374131,0.316929812137718
"Alcam",-0.371323451287659,-0.30788689636585,-0.926557517091134
"Pex5l",-0.944028797129538,-0.307144390712012,0.682904561178987
"Dctn2",0.873941593578921,-0.307090176771638,0.911427894421696
"Rcn2",0.723049070406302,-0.305390395639307,0.872606732394072
"Atic",0.168462820846562,-0.303516534292278,0.113318289065626
"Sirpa",0.047456163551378,-0.303306736067182,1.18611412355991
"Ppp2r5e",-0.155242164270452,-0.302346781238452,0.380578353893787
"Rnpep",0.0112282859567412,-0.3007193314241,-0.15239855917595
"Jam3",-0.210278168652328,-0.299993832370204,0.454590828569408
"Ddb1",-0.0837254589791802,-0.299760219577918,0.0169274390971774
"Nrcam",-0.381849713506517,-0.299202589379475,0.513430091207705
"Pgm2l1",-0.795946191807991,-0.298128782054985,-0.348394501525516
"Ppp2cb",-0.21387956069168,-0.29805106125474,0.118367755387019
"Ndrg1",0.0276497886552788,-0.298041845319907,0.208148831143759
"Gps1",0.770497581373239,-0.295972159522509,0.704982660138753
"Aldh6a1",0.0400944793671194,-0.294459954889342,0.0753498686988288
"Bcat1",0.339268546186421,-0.294281270645596,0.159785862244291
"Nefh",0.376864128137499,-0.29280692129886,-0.0952288400717023
"Taok2",-0.319992623433522,-0.290234862711311,0.411944909273786
"Gstm7",-0.613413140639441,-0.283599945050142,0.325159184062226
"Gria2",-1.18444660567769,-0.282013929074255,-0.232386489627581
"Ap2a2",-1.01136889483473,-0.281599859205809,-0.0847789217593653
"Myh14",0.0138792413125172,-0.281397978387208,0.131647183367704
"Hibadh",0.810255461673339,-0.277544807954387,0.527740495382046
"Gltp",-0.114258289896667,-0.277439288722793,0.382292662917769
"Coro1b",0.149323616832174,-0.276858634926021,1.18259681768038
"Ndufb7",0.1518622079352,-0.276646830474412,2.46339690807512
"Myl6",0.922240582467964,-0.27596098755149,0.644982050435865
"Grm5",-1.1517706651524,-0.275912908468596,-0.436168152970102
"Aprt",0.311250694300992,-0.273976077813564,0.961228061186401
"Ube2n",-0.359144652135261,-0.269983658967441,0.534487814361734
"Cltc",-0.56571747897331,-0.264631323273775,-0.0598164605108873
"Myh10",0.0132679130905845,-0.261746453902715,-0.247264153123213
"Cntn2",-0.16616794674966,-0.260552153144208,0.730547599936421
"Gnb1",0.042660181540008,-0.257448061859014,-0.318099121541752
"Ccdc132",-0.57932043158886,-0.255235572129644,0.156092451183218
"Ruvbl2",0.33693137643925,-0.252082925398013,1.58188910137933
"Dlg4",-0.646816117882153,-0.250713061194437,-0.0699918811446289
"Cct2",0.0443481189199015,-0.250616820162422,0.532482062183966
"Hspa2",-0.163727386409862,-0.248817058811277,0.846732182883067
"Anxa6",-0.11519316884774,-0.242252161446549,0.830112386524316
"Abr",-0.643178823913691,-0.241637105010506,-0.123244378072429
"Txnrd1",0.105439546812959,-0.239124424124294,0.645205811192396
"Atp5b",-0.142955622435795,-0.234637944768781,0.532798182413337
"Naca",0.458403605807606,-0.234440084390647,1.34645825901055
"Bclaf1",0.687523300665408,-0.232963687547772,0.395867715387397
"Idh3g",-0.402618970325921,-0.232221257419762,-0.319065485449027
"Rala",-0.33844543709055,-0.229862112056341,-0.301508012198537
"Map2",0.391920389765875,-0.228237600554106,0.342427553006527
"Sdha",0.201368733782665,-0.226734787179844,-0.189205027843243
"Syn1",-0.895017345864534,-0.226521633811808,0.441106064814777
"Hibch",0.389974814982098,-0.222886677551229,0.0944530314724831
"Trim28",0.669616090188968,-0.221397474809057,0.566019950464531
"Ckb",0.104944275225145,-0.220523549596378,0.483181157731252
"Lrpprc",-0.183849612740551,-0.220388714597596,-0.184474779567374
"Mag",-0.101562477103888,-0.219071537785413,-0.340021759281497
"Pdha1",-0.375555743179243,-0.215815826737356,-0.267197700214854
"Pcbp2",0.578459027443729,-0.215502676549783,1.52389508275676
"Septin6",0.898145522667,-0.214203123955507,0.649281332766358
"Aco2",-0.114127971368601,-0.211449547104211,0.0135657863043343
"Asl",-0.233497861657464,-0.211439376099293,0.256962192134184
"Ppp2ca",-0.289118252103973,-0.211401155050679,0.349332407991129
"Cct8",-0.0499952910329528,-0.210128939426475,0.10032025439658
"Grpel1",0.279558330601286,-0.209763617450148,2.54503039817127
"Slc27a4",-0.554735804784428,-0.208768893615422,0.112989577827693
"Supt16h",0.952559078725332,-0.206078347406465,-0.903432986885088
"Cttnbp2",-0.125848302615322,-0.205864860207706,0.135860506285182
"Dnajb6",-0.355035387688876,-0.205534196197486,-0.0102925893420831
"Cmpk2",-0.197189937330765,-0.203416578046427,-0.250839713270059
"Cntnap2",-0.349924700018441,-0.199847387460144,-0.154635113063341
"Tln2",0.532687465753953,-0.199664973327731,0.271408216988241
"Tsg101",0.0984078234871384,-0.197210862000235,0.416337042107194
"Daam1",-1.07057233137693,-0.194331855176329,0.0330607678523661
"Psat1",-0.0518565601342778,-0.193559555281879,0.968342268265412
"Stoml2",-0.0765384993883257,-0.193427005247846,1.27581794264971
"Prpf8",0.842070670485653,-0.192525174423131,0.400492339421057
"Uqcrb",0.393105986714252,-0.191068296534754,0.26580705283611
"Scg2",1.66876517405963,-0.189004032151112,-0.238850978294032
"Pcbp3",1.07847007594002,-0.186707719796834,-0.0244716992466517
"Cul5",-0.0881356516918603,-0.186391625162246,0.412544134851
"Dlgap1",-0.388057936730508,-0.184446090561032,0.263302385277115
"Lin7a",0.479654837111196,-0.183690897522066,-0.538692401383588
"Coro1c",-0.328719839227098,-0.18342190921475,-0.234395114321409
"Prrt1",-1.44237412707183,-0.181440280407035,0.0287943766158187
"Carkd",-0.0256479912667413,-0.180990198642508,1.44026180741818
"Aldh4a1",0.751065670500979,-0.180946079979224,0.142127410290964
"Uqcrc1",0.58112969299915,-0.180762060930958,0.053161335965509
"Igsf8",0.148957591287495,-0.180471836365925,-0.129856252441252
"Vps4a",0.425434059305977,-0.180276694691524,-0.0907978733396538
"Mtx1",-0.0129291429160149,-0.178073888025417,0.166012966274096
"Tuba4a",-1.30875636793092,-0.177250301465578,0.0718202817804859
"Atp6v1b2",-0.725404047193256,-0.17554304179178,-0.0366015410164939
"Rps5",0.353471689845643,-0.175528861827342,1.08931809170435
"Caskin1",0.701871130418989,-0.174777286953546,-0.0588343689619193
"Ckap5",0.189331075354788,-0.173828964271438,0.18086977923322
"Klc2",0.357026857739693,-0.172726460198574,1.33716193580054
"Chchd3",0.337222341587196,-0.172305562754419,0.657658049221027
"Sorbs2",-0.268425068325545,-0.17086725007952,-1.00050501451761
"Sarm1",0.396579880993057,-0.169972799159087,-0.288847293996045
"Picalm",-0.403172184163405,-0.169441345134815,0.512381880523948
"Ywhag",-0.192438912241253,-0.168713072356286,0.677786158924939
"Fbxl16",-0.709190478721826,-0.168668800358865,-0.284416879333412
"Akap5",-0.219655802402759,-0.168657353607668,0.187105338964663
"Kiaa1468",-0.353730694516067,-0.167160262462695,-0.023220941273884
"Usp15",0.0978295967874783,-0.166702320731528,-0.530953973651648
"Cse1l",0.513732730363932,-0.165240536567554,0.307755120313339
"Acot7",-0.207960694707982,-0.160625788324795,-0.162133944691595
"Ahcyl1",0.753316688550959,-0.159906446912983,0.0626736556899107
"Myh9",0.0980555871957278,-0.158377062288979,-0.0435195704078389
"Luc7l2",1.15820970263478,-0.158325341870382,0.768616097608713
"Ddah1",-0.0830259129678383,-0.155548667529231,1.10569039943218
"Cox5a",0.182601273249691,-0.149833919220134,0.37162301757693
"Gad2",0.575516610923437,-0.149537696351195,-0.496652200417285
"Hsp90aa1",0.0473373992509037,-0.149437932365599,0.84187207706657
"Ak3",0.230621615131422,-0.146130365905475,-0.0527105258502404
"Cds2",0.665015535068129,-0.144602384421708,-0.271455836367623
"Anxa11",-0.955750031282938,-0.14460040878648,0.0927301607203287
"Aifm1",0.26969966870135,-0.143410549529099,-0.196518025892319
"Slc32a1",0.739816375990428,-0.142734255503444,-2.39215099941192
"Hsd17b11",0.95322163966485,-0.141440505365366,0.825275202697063
"Ptprd",-0.686765642016177,-0.140959629232687,0.130505071776435
"Mpp6",-0.456147003152676,-0.140251998821697,-1.16548003917091
"Atg3",-0.362140794620716,-0.138698342437675,1.42951645444275
"Prkca",0.285871777264185,-0.1383230482201,0.165655558738127
"Ube2m",-0.142800595696721,-0.138069057417736,1.20903090846438
"Scai",-0.69907261924337,-0.133622168721672,0.855886396485465
"Nudt10",-0.284381897836119,-0.13349733312593,-0.507292253506893
"Flot2",-0.182282589473221,-0.13330611899847,0.0105609567797473
"Basp1",0.799845438018269,-0.13216427944136,-0.0409980570375933
"Trappc5",0.210311408336614,-0.129265510988991,0.39403794048989
"Sh3glb2",-0.0324969458534159,-0.127951251778576,0.613006773412321
"Ap2s1",-0.31053391574878,-0.126177896388709,0.728111295932547
"Cnksr2",-1.47492449446302,-0.126056413891105,-1.49676264180883
"Nfasc",-0.493643056721997,-0.124038854651828,-0.0153722637843883
"Atp2a2",-0.0820959017538121,-0.123520841701342,-0.45036926084682
"Sae1",1.01977247056317,-0.121825506512454,2.12444822085224
"Gpd1l",-0.484588652184883,-0.120273235666266,0.103792985090622
"Snph",0.0658483904135024,-0.119332111087895,-0.00462086529861967
"Ptbp2",0.80469241436509,-0.118471454031951,0.306339264233882
"Amph",-0.281345811353516,-0.117973603737718,0.464197525615094
"Clta",3.03272785251549,-0.117695490606951,0.853333726509508
"Calr",-0.777328812656052,-0.117547188381207,1.33194720448059
"Tcp1",-0.216519908527647,-0.116281785969812,0.108482054657627
"Gls",-1.77819114500382,-0.115903498078828,-0.23169180620351
"Dpysl5",1.02936263996585,-0.114370502716174,0.129841545195248
"Slc25a5",0.343052916723616,-0.113494615839603,-1.26228928684113
"Mcu",-0.387768139237538,-0.112790300802146,0.0176723389292895
"Nmral1",-0.27027060870374,-0.112644420317843,0.0986131350653702
"Erp29",0.500587292422035,-0.107300029063951,1.96518893416346
"Rab5a",-0.0248018954177651,-0.106823183530357,0.0876420489609132
"Guk1",-0.483887398068931,-0.106282232203874,0.581646690986721
"Lgi1",-0.816885704806929,-0.104492231226273,-0.887677142478615
"Arhgef2",-0.704449787887189,-0.104352549383537,0.00806769857535265
"Gspt1",-0.498264888332461,-0.100360478308317,0.0237623162279643
"Crmp1",-0.0070025986272365,-0.100073226758726,0.444332633559061
"Sf3b3",1.05199563738916,-0.0987792120521934,0.432398222119823
"Pdia3",0.0400938343363035,-0.0945406739994037,1.22436275151753
"Plcl1",0.152500111010759,-0.0934110538293636,0.556442089542769
"Gnb2",-0.0500642242810851,-0.0929279682831549,-0.231076594289747
"Kcnab2",-0.299277136440412,-0.0919647878928899,-0.0285188598082202
"Irgq",-0.264725983680217,-0.09086822198751,-1.41905605689464
"Dnm3",0.668566262962858,-0.0907523195570069,-0.424568706723776
"Bub3",0.786946584086135,-0.0868423042790741,0.224076290738721
"Epb41l1",-0.506311043576812,-0.085885918388179,-0.49194961811207
"Ampd2",1.18181632399949,-0.0851506348356404,-0.819393970735051
"Ryr2",-1.35237796937119,-0.0835037175987873,-0.287441852153829
"Adssl1",0.493627821088998,-0.0819730832964516,0.154692027158798
"Pdhb",-0.532160958352014,-0.0818678428150387,-0.337486265866736
"Glrx3",-0.0492867998044554,-0.0818505584161453,-0.0237254857459926
"Tubb4a",-0.0387490522170593,-0.0817389544238965,-0.0655036809746451
"Snx6",0.184397657889536,-0.0805163812001231,0.763117773278649
"Taok1",0.0170400201062631,-0.0799986640095357,0.18206581922485
"Fermt2",0.199004578911855,-0.0793776584337539,-0.0346597954507143
"Aacs",0.557092687696781,-0.0786613026871157,0.746140553985799
"Ctnna2",-0.357459053639895,-0.0783577939148693,-0.078595999685853
"Kpnb1",0.547153470675642,-0.0749522207893529,0.4288973973804
"Atp6v1a",-0.71153806602678,-0.0744870424691323,-0.0349904268507585
"Glud1",0.410672154936654,-0.0706922726087711,0.105748163883495
"Gnai1",-0.0399170704279692,-0.0686171246474049,-0.847417471283224
"Me3",-0.360269079032147,-0.0666859318212807,-0.310540811996434
"Ppp2r1a",-0.348072027560839,-0.0662809344018806,0.372839186898034
"Bsn",-0.566947469930717,-0.0662302870881523,-0.0568864213892833
"Ppp3cb",-1.24119835626492,-0.0654060340042366,-0.44548501543308
"Lamtor2",0.186493966853095,-0.0650189745171352,0.27550236170394
"Tpp2",-0.588067341376307,-0.0648403945201143,0.54650244763816
"Anks1b",-0.897496606902343,-0.0621428512918449,-0.234829753125276
"Efhd2",1.00641034976744,-0.0620354979781839,0.0313269284518877
"Mlf2",-0.152572505939388,-0.0613255570730509,-0.55440108618661
"Snrnp200",0.654811190181507,-0.0602569082008222,0.298589110923191
"Inpp4a",0.579612236964276,-0.0595882704450085,-0.450802043520788
"Atp5c1",-0.261544278291205,-0.0589951458029253,-0.350333304864219
"Syngap1",-0.960956599808178,-0.0586519636609722,-0.0488824329563446
"Elavl4",0.659421902271239,-0.058586862521847,0.0534600765573093
"Psmb1",0.0113713521303543,-0.0575880754422085,0.00404214023719484
"Septin5",-0.159044528866217,-0.0556964517071434,0.0615245763042049
"Ass1",-0.168059632830625,-0.0541147536107915,0.25151832513021
"Actn1",-0.689068572016061,-0.0538421291690047,-0.898025125011491
"Gstm1",-0.545648560393655,-0.0537591487368267,0.901559343342873
"Sars",0.151257330712227,-0.0504024786233639,0.378498528984559
"Syngr3",-1.40067171676719,-0.049407129891575,-0.943751232188202
"Sh3glb1",-0.141772126026341,-0.0482021095562028,0.79513229115158
"Tjp1",0.140833443632366,-0.0464325647882284,-0.0522486085200501
"Micu3",-1.12865800789261,-0.0438380290061498,-0.450765280662515
"Nckipsd",-0.630153333543908,-0.0434065733785346,0.84064772859323
"Gng2",-1.01938632294279,-0.0425575535532106,-1.80672422044416
"Rap2b",-1.38949275316719,-0.0417464778047617,-1.58292575161881
"Thop1",-0.0728874121824003,-0.0405990965489114,0.524329495332467
"Gpd2",-1.49898025775706,-0.0404062349878849,-1.65657474847862
"Katnal1",1.00752181323128,-0.0394110769817516,1.27414104714258
"Pc",0.19436442514452,-0.0372312421004887,-0.290315731177787
"Hip1r",1.52945342028331,-0.0348108938208974,-0.975659471167059
"Txn",0.492747391454792,-0.034299345630155,0.196020025019341
"Rac3",-0.218632024895471,-0.0342138840737674,-0.0241493048945291
"Dhx15",1.15533765181584,-0.0336100397880726,0.0147510686059319
"Epb41l2",0.305697576936043,-0.0323966237022021,0.270075300915528
"Thy1",-0.0881418568604358,-0.0315698627132735,-0.0630304580157378
"Dclk1",0.444689706384536,-0.0252978628029172,0.134977939792809
"Nt5dc3",-1.55711420898222,-0.0247427009065819,0.211236719421652
"Ddx17",1.3064849185775,-0.0243044906298025,0.223106285202489
"Dnm1",-0.859675884578321,-0.0230801958701971,-0.0158027081244097
"Ctbp1",0.0335574879517803,-0.0226070349409298,0.373406380962427
"Srrt",0.784333760475387,-0.0213707416934963,0.777677750592761
"Uba2",1.20353780379625,-0.0197365321177613,1.68978360504987
"Sgip1",-0.974924330022148,-0.0189078370658002,0.153408330445432
"Abi1",-0.765752374296665,-0.0153094916288293,0.91928200331094
"Ppp1r21",0.0576895628612323,-0.0113929839234641,0.202745002007693
"Rras2",-0.794979306594202,-0.0111698477715193,-0.467566477685081
"Strn",-1.01187357344404,-0.00984636968920173,0.694444214214215
"Vcl",0.09211510483412,-0.00925427094357651,0.237139066899503
"Gphn",0.339233810792783,-0.00856532364641005,-0.238932558610955
"Rps27a",-0.0918067751259902,-0.00853482719084732,-0.608274376908908
"Sec23a",0.388450357848845,-0.00798402036857494,0.543443265831975
"Hars",-0.339175349173404,-0.00640631601240763,0.559836312413279
"Pdcd6",1.08973835622077,-0.00596397267062661,0.166315294740726
"Cnot1",0.634231696188321,-0.00579828157706588,-0.0933552641142183
"Etfdh",0.239435473627719,-0.00568467753777375,-0.141743302321256
"Fam49b",-0.349570824141444,0.00136102567388979,0.256357847506193
"Sub1",1.51494634366607,0.00385942843231088,0.936806981659873
"Rab3a",-1.09846787410925,0.00562611427101132,-0.445590743300758
"Pacsin2",0.589136541578886,0.00653308096116498,1.28188289574388
"Trap1",-0.291008919832721,0.00675046253311755,-0.855589790481479
"Copb2",0.311701946637178,0.00726719717205245,0.556273420113725
"Tagln3",-0.95239672292576,0.0087490666276539,0.11878723985791
"Ppp2r2a",0.0574442998351999,0.00879581185307262,-0.480439211467793
"Gria1",-2.04532938808594,0.00919195066655781,-0.506013245471097
"Atp5h",0.580761184931687,0.0117758746536008,0.272477249232987
"Aldoa",-0.744465883603582,0.0117805791094434,-0.160442980006705
"Pcsk1n",0.316089765645606,0.0125926416483516,-0.249951224894409
"Itsn1",0.0541325633565545,0.0130327317318814,0.274032426567339
"Hspd1",-0.0515740066935659,0.0144315659907308,0.492342966102654
"Icam5",-1.07332918325575,0.0147713633968529,0.617430670147484
"Pclo",-0.530012276271606,0.0156723823882137,-0.207824488989197
"Sh3gl2",-0.697165529110785,0.0162920999847442,-0.0559256209832953
"Puf60",0.497490111563447,0.0166129869967256,-0.130664802872901
"Pdk3",-0.905967085220508,0.0177908299120022,-0.0615794157800633
"Dgkg",-3.07142218569016,0.0179952969794209,-0.255361086711874
"Ppp1ca",-0.294437299247479,0.0182741205337822,-0.295260243300392
"Snx2",-0.0968548832648398,0.0192957180977726,0.496611322323352
"Septin7",-0.320717956799492,0.0228903694635821,0.0417501305559123
"Rapgef2",-1.31024263259816,0.0238975070311222,0.579144283277206
"Ank2",-0.0116148302143441,0.0251212456701913,-0.155497153401877
"Tnr",-0.521367948173527,0.0256208127603812,0.131354140902423
"Pdcd6ip",0.636260712600733,0.0256742644497653,0.258916993527748
"Gnaq",-1.3291052396192,0.0264171387786349,-0.370264365320727
"Rab4b",-0.245459086225734,0.0299130247617045,-0.109172779605571
"Bles03",-0.664941920114394,0.0321255335530779,0.722788415705019
"Pa2g4",0.287505895924279,0.0332608872928822,0.199568898353317
"Actn4",0.419076554246381,0.0332923180023201,0.158074147701215
"Eif4a2",-0.258668327024245,0.0338746410792333,0.441566166867764
"Ap1g1",0.79908818827546,0.0346624232936828,-0.195857824938027
"Pip5k1c",-0.498379169038313,0.0373897099594873,-0.227089844935491
"Hk1",-0.440065392152791,0.0378878854978335,-0.188228496615632
"Atp5a1",-0.0329787810890481,0.0396436226921619,0.0287495254636988
"Clip2",-0.069387011985259,0.0426329760280742,0.249388956062402
"Erc2",-0.516059305068428,0.0461997073532601,-0.125682602727686
"Decr1",0.236539473949372,0.0475678750788712,0.223371351176632
"Osbpl1a",0.11251952810802,0.0478126537117519,0.107417996165013
"Klc1",0.478883140093747,0.048666243738219,0.208195556998139
"Ntm",0.461857277220469,0.0491870154429466,-0.634124678425658
"Mink1",-1.44985085045567,0.0503056702923563,-0.646549416271667
"Ctbp2",0.580368801916628,0.0516461268083844,-0.0458286276880261
"Cct3",-0.191033649565499,0.0537715159347418,-0.0426686612111469
"Me2",1.22967251623265,0.0538302071386196,0.778125022871221
"Gpd1",-0.271610196475901,0.0564308330476119,0.0280304913760443
"Ywhaq",0.18996186668075,0.0565121430649201,0.158507973096638
"Pacs1",-0.427102028127798,0.0567986953408621,-0.128658822525017
"Snta1",-0.112195437869077,0.0568180170360221,-0.0141177379878813
"Tbcb",-0.0242632160285103,0.0570587423241719,1.03048867401936
"Dpysl4",-0.17264788679505,0.0574539274176426,1.72219860017512
"Mapk8ip3",0.453893022113253,0.0588137581354799,-0.27937394122035
"Camk2a",-1.53545925960549,0.0600952847232873,-0.672731084392397
"Cntn1",-0.954508272667532,0.0614583434188988,-0.220409423853691
"Uqcrc2",0.482946338299466,0.0624038374117789,-0.535157041489747
"Srpk2",0.24688549372481,0.0629845425382231,-1.35100412211481
"Septin9",-0.412151984472746,0.0674497313121081,-0.198431013202195
"Trappc3",0.225312226724154,0.0674633588825079,0.442270248619806
"Endod1",0.251284106606947,0.0680720713372852,-0.64814570586856
"Psmb6",0.086588458937808,0.0683051545307043,0.91384811439131
"Fam213a",-0.0727938634129558,0.0684073180815651,-0.0797578872294033
"Usp9x",0.116159832606827,0.0690031069150639,-0.385375590659538
"Phactr1",-1.42137004417262,0.0706572303897173,-0.829786752914484
"Ube2o",-0.108899904208626,0.070935550777964,-0.514641826655538
"Cacna2d1",0.318787793321061,0.0712998097250955,-0.138200401148484
"Fkbp4",0.141708708780303,0.0726226676058916,0.277218735392968
"Ywhah",-0.19642460637602,0.0761880530970534,0.828540385287373
"Rock2",-0.765578251755176,0.0774268774727724,0.0078651338290678
"Mob4",0.373001354190344,0.0784137384818451,0.488393275201588
"P4hb",0.492358564104885,0.0792551021778224,1.12536218421363
"Eif2s1",0.359006565283909,0.080884979169902,-0.114041640771182
"Cndp2",-0.00971465079192264,0.0813345183169546,0.766664380593786
"Rab10",-0.830113642569648,0.0818789487531763,-0.297926430821429
"Tst",0.367266826383954,0.0819637224538301,0.324902159840369
"Dnm1l",-0.17547244307176,0.0828107273837278,0.0703315765894502
"Ccsap",-0.434810104126409,0.0833230903350629,0.0795152172389824
"Ccdc47",0.162550837204413,0.0864133304144595,-0.635432406880275
"Mtch1",-0.103184508854557,0.086949394531825,0.0601824021717492
"Vamp1",-0.153008843797673,0.087085038543928,0.379598817712189
"Fubp1",0.434260018455307,0.0873213884693654,0.417445034831608
"Rgs7",-0.504824616958901,0.0879140260663726,-0.928821379161052
"Cyfip2",-0.77515839440452,0.0887198873662504,-0.235213927274399
"Pcyt2",-0.524858643850682,0.0892590520768455,0.24368650603197
"Aldoc",-0.260762427181649,0.0894240721000716,0.20730588017001
"Psmd5",-0.691063016155968,0.089997341624043,0.0858788007895887
"Ddx42",1.60265728286494,0.0930721256412236,0.188113588040236
"Rpl27",0.38963141870264,0.0947236418637138,0.206680058936185
"Naa15",0.563716891685921,0.0959277425152488,-0.144926421144467
"Gnas",0.475486549361117,0.0988192596853105,-0.207992043672808
"Mthfd1l",-0.138610440168305,0.099824431741775,-0.620302046970534
"Anxa2",-0.0534651540327461,0.10245685322372,-1.58568804585724
"Ddx6",1.03909208125914,0.104484733962845,-0.132974066159486
"Akr1b1",-0.000799553758915812,0.105193543155727,-0.0334009587786414
"Hdac2",0.343028762482047,0.106340955094151,-0.243702063229241
"Elmo2",-0.924539677185306,0.109163721368894,0.0904097148542104
"Phyhipl",0.605627645354742,0.109539715758588,0.0839819217909727
"Psmc6",0.292281376978346,0.110561500845799,-0.319210786487672
"Kiaa1045",-0.0295653781431722,0.113963882923217,0.165072489050718
"Vps26b",0.0724384170068748,0.114328099105146,0.186039084385361
"Ogdh",0.117829531877594,0.114381260773414,-0.850723191909198
"Rab3c",-0.782531568441582,0.117187231532141,-0.230261447778208
"L2hgdh",-0.270566912427374,0.119560728224323,-0.0953951921343603
"Psma5",0.804318202037953,0.122822531645879,0.928321071666561
"Rogdi",-0.888195022254626,0.123160649672387,-0.0552560864371991
"Uchl3",-0.0991089674238416,0.12495235395315,0.343252276734064
"Homer3",-1.0331371735569,0.125018431661907,0.40598153655149
"Me1",-0.643471698784362,0.125769928955008,-0.0665707467323066
"Mapk3",-0.424943586681724,0.126057497658431,0.5036279228477
"Cct4",0.194028510981633,0.129469767816393,0.14106888134124
"Dmxl2",-0.88058740500846,0.130739970306361,-0.281466403641178
"Snx1",0.553362455492283,0.131352186136919,0.923877381607806
"Psmc2",0.340593597677798,0.133001396035522,0.0145974747571395
"Nckap1",-0.785469185790122,0.13361086784487,-0.280083244182145
"Dlg1",1.06045402844172,0.134164145816593,-0.369732852976288
"Srcin1",-0.418583397282191,0.134496479358439,-0.214153003601888
"Dnajc6",-0.350792800566079,0.136408186275128,-0.540008468227249
"Vamp2",0.655472600977098,0.136535029444708,0.687107761613186
"C2cd2l",0.253993913730573,0.137782541982037,-0.0712030141856921
"Mgea5",-0.170931989174613,0.140473025735535,-0.610030357302931
"Dtna",-0.0761591894424902,0.141457794698526,-0.136218932285992
"Tkt",-0.124049464915192,0.141689899599037,0.127551946385035
"Kctd12",-0.356410500485723,0.143053928729583,0.173462403400588
"Usp5",-0.0693063951704359,0.143195797045074,0.58126536482964
"Lrrc7",-0.759463977317431,0.143313194474459,-0.186312939416528
"Erp44",0.385030207954435,0.143571308673213,-0.628898452780192
"Htra2",0.468791620693945,0.14835301126128,0.123947363072469
"Plec",-0.265785380437404,0.148733857277099,-0.897789229293469
"Shank1",-0.793831537088943,0.148982861384455,-0.268154443376247
"Madd",-1.74294426561278,0.149460034160604,-0.327613673481415
"Tom1l2",0.036859537825082,0.152251815030168,0.265444692968501
"Soga3",-0.509639739199865,0.152654729384768,-0.0143152956178624
"Hgs",0.148236042984997,0.152790632271868,0.4455077112009
"Cpne1",-0.246921651624062,0.157663311560427,0.167764700454146
"Ndufs8",0.176743640599622,0.160415636206671,-0.954381189404425
"Prmt5",0.507706277217327,0.160800448384851,-0.409931600296748
"Sec31a",0.704514798231043,0.161220228735167,1.29888842906697
"Cct7",-0.167935061426363,0.163267299829369,-0.0348922045192354
"Wdr48",0.577360128624579,0.163267767220357,-0.330052485816347
"Rps25",0.559222290588895,0.163964294784608,-0.0139172880762617
"Rpl4",0.249841083589513,0.164089813120098,-0.137745183346482
"Dync1i1",-0.331100644257343,0.164875485712699,-0.152853287414044
"Pcbp1",0.929347627315885,0.166186229448286,0.445441425046736
"Cntnap1",-0.559430468980816,0.167843299410936,-0.445164321109271
"Atp1a1",0.793646114814979,0.168902852891694,-0.518316799827399
"Tubb2a",-0.837095883326695,0.175990689900463,-0.672041246620866
"Stx1b",0.735681742681822,0.176547608986738,-0.640622004687358
"Pkp4",-0.226046614157064,0.177022065763202,-0.289462761585962
"Rragb",-0.0115002608843462,0.177350321170263,-0.0828707042177999
"Myo6",1.18233874658066,0.178023265945795,-0.141648644518242
"Camk2b",-1.22195778752197,0.178412999025326,-0.295897667816278
"Mapk1",-0.694587940913709,0.178996086552245,-0.358811679774783
"Ndufs2",-0.217620045551153,0.1792905955599,-1.48747160871692
"Arf5",-1.41723547948465,0.180887736233069,0.221395959125241
"Prnp",-0.573171795840576,0.182688389501449,-0.917030163558715
"Dlgap4",-0.469027580690274,0.185034439127195,-0.31655804600195
"Rpl23a",0.384076349932901,0.185313222061919,0.222350430612235
"Anxa7",-0.829274519601108,0.186290130906505,0.602363086312079
"Rph3a",-0.487578736204286,0.19317137746815,-0.162314230196998
"Ap1b1",0.832285273860045,0.193289019358871,0.19324398365294
"Clybl",0.0639510059839045,0.196623628636583,1.37983950579888
"Gsn",0.349301520905818,0.197317604176894,0.288601933113078
"Cotl1",-0.731200140169687,0.197840446440402,0.229101453332187
"Xpo1",0.536166449845654,0.198410602923262,0.0611547332083899
"Got2",-0.204377951205289,0.198634407919822,-0.258650504613499
"Rps16",0.170748972792215,0.200155759144159,0.0845512036925828
"Mthfd1",-0.0628819206658653,0.201586394785168,0.2394375463783
"Ahsa1",-0.462702407790286,0.201724298058923,0.124036798261275
"Vps26a",-0.280037670804331,0.20657836820456,-0.0632264639437807
"Vwa8",0.420257656964638,0.209299912851395,-0.90658659783755
"Tubb3",1.00870885795025,0.210255624459009,-0.528781812457589
"Septin4",0.904306936166164,0.210622543105842,0.327349460194406
"Gk",-0.84981842853098,0.211390317477881,-1.1814450329283
"Sv2a",-0.00738235582778481,0.211970888594089,-0.71486740954846
"Sacm1l",0.484150207742517,0.213866257343729,-0.679702416043821
"Snx27",0.462909845739779,0.221876243228281,-0.0431736040306477
"Hspa8",0.0557867697678032,0.222640531992404,0.194439003655049
"Mta2",0.918379589876446,0.222893903283778,0.237610593748477
"Pik3r4",-0.0936280682013311,0.223805432860584,-0.385626939031859
"Gabra1",0.697032591437529,0.223916438034479,-0.583407814853572
"Scamp1",-0.318030741686338,0.224457103511514,-1.6735826414347
"Gabbr1",-0.881310073909932,0.225538971439231,-0.614104128956336
"Add3",-0.247335212507855,0.23294920281144,-0.104789594468081
"Slc25a4",0.333418176831585,0.233992633159746,-1.15291149693502
"Hpcal4",-1.31430095811312,0.234657701257898,0.0148086415847055
"Ctnnd2",0.00173667507898016,0.235119203107474,-0.926363549912525
"Hapln1",-0.00627570245809269,0.235344252766861,0.246780222994208
"Letm1",-0.564207087096444,0.236521392771558,-0.345580726969693
"Actn2",0.0778067309088716,0.236767837702067,-0.481566968332909
"Ppme1",0.304114775917485,0.240254779379418,0.27429863487884
"Bckdha",0.00873934785513653,0.240270932951813,-1.09172459373182
"Pten",0.989119093436664,0.240930488131508,0.129158014684851
"Slc25a11",0.246924802638898,0.241119230545725,-0.580861699690479
"Iqsec2",-0.953674687706578,0.242581927540389,-0.304222568215275
"Aco1",0.224963872477089,0.243792067061021,0.0623532455264487
"Ipo7",0.3083958564207,0.247965146314729,0.28581190218781
"Nudc",0.733110680243145,0.248113944579336,0.801332674071898
"Rps3a",0.623331185971065,0.248134596409209,0.155178683977134
"Rdh14",-0.0351768588423239,0.253450850873474,-0.0522688004018992
"Snap91",-0.649202587040533,0.254354391894883,-0.174450307929813
"Atp1a3",-0.0872866616005131,0.254486869145794,-0.505750813915217
"Dgkq",-1.10575801236764,0.256335564048706,-1.66703955516301
"Vsnl1",-0.336726147096961,0.258003302602172,-0.567612427943032
"Suclg2",1.38418827809794,0.261909610376012,-0.227763945080296
"Ganab",-0.157773741942762,0.26205075868609,0.478858841698197
"Slc8a1",-1.50843608049648,0.262094346509852,-0.860399310629359
"Erc1",0.285054625798673,0.26285063240073,-0.301774938753782
"Stx1a",0.317609944657888,0.266249317765473,-0.084445278105128
"Rps2",0.405361653881708,0.267980432290232,0.120931343797113
"Pmm1",0.316974051483265,0.270312045756434,-0.2422064647364
"Pabpc1",0.657926832752269,0.270941263425103,-0.134697487559502
"Ndufs3",0.779043778865027,0.271200913621285,-0.784137381107505
"Asap1",1.06734600098206,0.271886483424637,-0.353013360757186
"Vcp",0.321408052531993,0.273679336718808,0.00592029078724823
"Gnao1",-0.0924618718601605,0.274112849783285,-0.448184939592375
"Arrb1",0.15994384796325,0.277243282322214,-0.492808325699363
"Srp68",0.217548337664505,0.277893470420862,-2.33227684427153
"Syne1",0.1086252760792,0.277987973985959,-0.304903565036277
"Gdap1",-0.0551854219033949,0.278419072155257,-0.466138426135232
"Tomm70a",0.101008012778741,0.279971471164273,-0.49682408927223
"Epm2aip1",0.169828464469251,0.280444166290533,0.498876131018394
"Lnp",0.0083775395453342,0.281173911929595,-0.280393959493249
"Armc8",-0.820925855753397,0.282383000364598,-0.863142749051827
"Alb",1.34609134824735,0.282590801653379,0.583327174502347
"Cadps",-0.435616203167336,0.28289050523259,-0.262304670284499
"Cadm1",0.114651448265841,0.284347220401084,-0.0190887663890386
"Sucla2",0.062068309815924,0.290601801206329,-0.603918805648332
"Nlgn2",0.728217170717779,0.291311672630441,-0.43317623720357
"Ccdc6",-0.00623094351761404,0.291662101027414,1.49946896542297
"Stum",-0.812028232990358,0.292205480392824,-0.853139138829963
"Pdia4",-1.31462842913409,0.294403147227603,0.257318508858285
"Ngef",0.117340456740313,0.297054329296323,-0.407940714449808
"Hook3",0.473634315650573,0.298443716677904,0.269969950754929
"Rps8",0.543302040948128,0.305668582218563,-0.125804327290778
"Gdap1l1",0.406778821345943,0.306508757125108,0.0282950004676936
"Aldh1b1",-0.088138378704897,0.307034045921442,-0.214134866384462
"Tomm34",-1.19592634036392,0.307142487498921,-0.0497638804684911
"Echdc1",1.01523185578184,0.309350488712548,0.347918736869595
"Actr1b",0.366259879373332,0.310562336707601,0.147649807259872
"Pafah1b1",0.0116669987353961,0.318649529846133,-0.329084991277365
"Ctnnb1",0.00676250484842277,0.321201672683534,-0.374106666934908
"Ogt",-0.448447408988867,0.323430663273195,-0.49773989873153
"Ak4",-1.54228226651339,0.3290979776897,0.0224583657950812
"Nptx1",-2.57999422574539,0.336077858995049,-0.31843483375323
"Ilf3",0.692495471610472,0.34125477587911,-0.0849535570637579
"Ppfia2",-0.101461853104412,0.341326734436897,-0.289922552478156
"Skt",-0.197448655187264,0.34247247464041,0.00822882514946035
"Sugt1",0.0083498466974936,0.343814529957859,0.320493870983183
"Rtn4",0.128712152727753,0.344125105300602,-0.341410600845825
"Tf",-0.173630743078518,0.344374924272589,0.632862309703756
"Gnl1",0.177406273913434,0.348450351863031,-0.702124743726467
"Stxbp1",0.937097906693381,0.350559503776063,-0.360227823262141
"Syt1",-0.444641531896362,0.351900209305773,-0.790447921495188
"Dpp3",0.5481917807058,0.352577421088619,1.01176018099144
"Vps51",-0.13829696563346,0.354324063112521,-1.13194694414857
"Dgkb",-0.483208049385883,0.354981920343026,-0.934768522186756
"Prdx1",0.101881426683548,0.356788711770623,0.993921887301054
"Mtfp1",-0.126566193111585,0.359394889918004,-0.246530005930852
"Slc44a1",-0.793805284978146,0.360310244815132,-1.03633204153045
"Ak5",-1.29648863368956,0.363248855151811,0.0493259005576997
"Cdc42bpb",0.355874791067469,0.364574493429314,-0.868678259154793
"Cap1",-1.10382931657159,0.36514655281022,0.639167091231619
"Rhoa",0.400811839613484,0.365211430657655,-0.00438626576488036
"Rps13",0.417857199109823,0.377741166923641,0.253667219331453
"Hsd17b4",0.862953749156216,0.38052003355194,0.0107009946424992
"Ncs1",-0.377088408553729,0.383660044563134,-0.198290641580203
"Copb1",0.252995291281283,0.383771686850748,-0.339578310693019
"Ap1m1",-0.541817841468557,0.384583290612816,-0.39539222937058
"Csde1",0.696326720043464,0.385672714609347,-0.271562616480739
"Vdac2",0.233129128297651,0.388267381055315,-0.279969044541245
"Rims1",-0.509367169257321,0.389792691815103,-0.841485916788381
"Macf1",0.732002650423199,0.392428989596724,-0.326784672722386
"Gapdh",-0.173793872886997,0.392477010549223,-0.395986245140055
"Exoc7",-0.273190569300287,0.393723270108951,0.26368011659477
"Mlec",0.285003138207381,0.394394578638684,-0.0460456402582064
"Ugp2",-0.883954474397701,0.395047194988885,0.14674300620821
"Ehd3",-0.864201620372761,0.397606960303788,-0.519758866302835
"Acsl1",-0.269443510594805,0.397882196421904,-0.041947096769607
"Farsb",-0.115491883359613,0.397962466083806,0.424502410251264
"Upf1",0.0938414951667406,0.398420185189967,-0.110896913212456
"Sfxn1",0.132781049308925,0.398738565925723,-1.30218155889109
"Rab5c",0.806451727543272,0.39974690510881,-0.0549370682301982
"Cdc37",0.819492143101209,0.402426620348237,1.24254520675698
"Sec22b",0.346767294190109,0.403577258575096,-0.234167417910617
"S100a1",0.983962040067836,0.404517212329435,0.59649975581507
"Immt",0.337738301801163,0.406901732532486,-0.421709496921083
"Gpm6a",-0.38715517558363,0.411199914109707,-0.925995495853436
"Eno2",0.0992379563801771,0.411201755814224,-0.199158652360223
"Exoc3",-0.599469827451588,0.413252907889041,0.209129861383463
"Dlg3",-1.10949911861542,0.415141065131035,-1.34831894985472
"Aldh3b1",-0.479761871351211,0.415543791374991,-0.836128600538044
"Dync1i2",0.932895230733746,0.416725379114616,0.835161508288648
"Slc2a3",-0.613212273461533,0.419291647360887,-2.61952074156035
"Oat",1.17073075324303,0.424642989654899,1.0432493242002
"Drg1",0.746627238354184,0.426854292341204,0.463115591308602
"Itpr1",0.926900657495589,0.427728362869437,-0.0109158707326958
"Rapgef4",-0.438194493412,0.429801906009074,-0.900698661528148
"Ap3b2",0.0866082542588316,0.43116281206271,0.0202933801277253
"Unc13a",-0.269845133997564,0.431861681021748,-1.1197051532315
"Iqsec1",-0.493152058411676,0.43214896534891,-0.0283785056102887
"Gna11",0.136890894944152,0.432484437348297,-0.728575458874633
"Dnaja2",0.334645814509752,0.433913641606233,0.67220326263721
"Prkar2b",0.949537669381017,0.436907022434445,-1.0087877534293
"Rpl27a",0.782764847201521,0.437851067655678,-0.101354683017635
"Man2c1",0.464384519528957,0.443803728155364,-0.168482920547557
"Pls3",-0.133692247929908,0.44406004901068,0.619933088015047
"Slc12a5",0.490239205320559,0.44409372238005,-0.864320657755093
"Rab35",0.795142506190855,0.449225606918694,0.344058912586744
"Gucy1b3",0.911994471261987,0.44946844581013,-0.910932642779981
"Usp7",0.100973625634684,0.449876496153652,-0.432730121353352
"Mgll",-1.20549178665533,0.45083669047759,-1.29320196874417
"Mfn2",-0.0367830272368271,0.453871589831272,-1.06926037010827
"Pdia6",0.0260882841802567,0.457580574488043,0.464434452906862
"Dlg2",-0.301689700411167,0.46072294340618,-0.304740202088643
"Ttyh1",-0.860007347403091,0.461763613956917,-0.51575121828575
"Rps7",0.713139403353486,0.461853245142665,-0.489997841467805
"Ablim1",-0.143937419431389,0.46199748381217,-0.521076460194512
"Pdxk",0.700698282186613,0.462351741291906,-1.51237646848457
"Cep170b",-0.0638194026144648,0.462715963249023,-1.22287769667888
"Cul3",0.0717750655758217,0.464118464722041,-0.0589743587660689
"Uap1l1",0.083486772839215,0.466113189639293,-0.0950988421326422
"Ddx3x",0.675825851687111,0.467352116924857,-0.399333698520869
"Csnk2a1",0.617311443085967,0.467461838438845,0.043799515224925
"Plxna4",-0.586803654805227,0.468827197849177,-1.65175691569443
"Tollip",1.55113466549416,0.469239409085624,0.220251141415889
"Tln1",0.573882191158628,0.469678708332935,-0.251334224067698
"Vta1",0.747101180979426,0.472439120875405,-0.0113700600172662
"Grin1",-1.02319544656009,0.474708046840663,-0.506628983818514
"Kalrn",-1.00523195690497,0.47602725749083,-0.565892537331044
"Psmc1",-0.253441978192613,0.484109869539824,-0.537316376242863
"Nbea",-0.662913410922927,0.486461061084862,-0.0731983531080115
"Maoa",0.699639797786516,0.487324629830506,-1.33524415092099
"Syn2",-0.848636880693221,0.488406136050986,0.0253191694839039
"Rab6a",-1.39577913380233,0.488635716249577,-0.904348663949898
"Hpca",-1.10044926756031,0.490931055435764,-0.017352396167583
"Srgap2",0.0355841062952839,0.493402557031146,-1.68909580126819
"Shank2",-0.572356891048377,0.495414888857787,-0.559428645674049
"Ndufb10",0.380893687918661,0.495639223267992,-0.41729108115897
"Pitpnm1",0.0441294270967263,0.495657651714968,-0.673881490424215
"Grm3",-0.580504398860569,0.496431553578811,-1.55286407724379
"Cyfip1",-1.59033522759097,0.504141990090551,-0.869495020801733
"Slc30a3",-1.65603053423341,0.50676566773293,-2.17010228115719
"Eif4g2",0.575928384997595,0.506916029683138,-0.362041405706493
"Grin2b",-0.744981943609905,0.507990161126792,-0.157255684877599
"Copg1",0.818695060676752,0.509423545668776,-0.874962681136264
"Napa",-0.345152727221905,0.510138307342691,0.192286525014333
"Lap3",-0.35573393173028,0.510844101380307,0.599348193865965
"Atp1b1",0.310379191917705,0.518774937252478,-1.8449739157122
"Rpl14",0.535495754530928,0.520285920560935,0.0650712689704156
"Tufm",0.524888298747089,0.520641790371033,-1.26856177040679
"Epha4",-1.43318319823252,0.520675802800853,-0.0773412368402906
"Dpp6",-0.933499160214387,0.522137834275274,-0.832198970977264
"Numbl",-0.989285618040733,0.523514282827891,0.290415204233103
"Htt",-0.0579765593671654,0.524282617765741,-1.14779803465034
"Sorbs1",0.164547606177356,0.528791436320942,-0.0807853921222968
"Adam22",-0.149030369736114,0.53063834083936,-0.641608149520483
"Ap3d1",0.307206615073923,0.530888595460702,-0.113689419695194
"Snd1",0.0481021716688867,0.531582869036841,-0.269323156629343
"Actr1a",0.589723485901477,0.532369615089071,-0.230177754029867
"Nceh1",-0.408653145381018,0.534117854403995,-1.33399336235534
"Ap2a1",-0.238323122026171,0.53442726208221,-0.72516351554871
"Sec61a1",0.405706701593587,0.534842465248066,-0.182674373027619
"Adcy9",-1.18869790496214,0.537033989101621,-0.882248904409056
"Bdh1",-0.121608710057545,0.537845019821832,-0.676238876268775
"Prkar2a",0.146027993913132,0.538527594636072,-0.278957495203916
"Eif3g",-0.284092773707292,0.53921602996282,-1.93177652110118
"Gpr158",0.449283255368491,0.541092325195691,-0.929647115310605
"Exoc8",-0.339047668652362,0.544700189840847,-1.30024974055062
"Ap2m1",-0.151598555178385,0.546006822982125,0.110429488608367
"Sv2b",-1.37235795171102,0.546683205565385,-0.674736110935571
"Nlgn3",-0.0963467290074516,0.550146343627717,-0.235265721017776
"Agk",0.0344179481252145,0.551323170449062,-0.626159621678239
"Slc4a4",1.47835984783989,0.553703743048663,-1.45450681002971
"Cacna2d3",-1.28068400878912,0.557340722136744,-0.616538735142249
"Rps9",0.43282884876481,0.558302880142337,-0.375752151138245
"Snap25",-0.0203401603389517,0.560677957251934,-0.421655259923409
"Syt12",0.413597317683901,0.560811906858033,0.0719240054225642
"Rpl17",0.346531321617238,0.56281687087903,-0.488933086829744
"Lrrc59",0.633752644964209,0.563807725272098,-0.35212118054309
"Mccc1",0.315882517304953,0.563834487330252,-0.367525123774697
"Eef2",0.12545444043394,0.56452598702096,0.52132776777833
"Ndufa9",-0.142160077931473,0.565870277579405,-1.67982125435327
"Rab5b",0.067315232793704,0.569211515919964,-0.378436059951357
"Nomo1",0.287157406419368,0.56961067239864,-0.365685687996284
"Agpat1",0.327448170482325,0.571808857815811,-0.465678844611178
"Myo5a",0.146681819755222,0.572054824573306,-1.86722638418667
"Ndufa13",-0.103000166567174,0.573488367699325,-0.550179417824729
"Pde1a",-1.95847366461241,0.576543047553583,-0.813886058036883
"Trim2",0.238738880669695,0.576694428403281,-0.678026742382876
"Cct5",0.0610475404328802,0.577046359509817,-0.179552870081569
"Dpp10",1.42045194040606,0.578358767971665,-2.21760349606685
"Dnajc7",-0.117918023902743,0.583178254281725,-0.325540552535879
"Rabgap1",-0.038208651586885,0.583488307623348,-0.165825463557291
"Pitpnm2",-0.189934190254146,0.585042750922509,-1.0259425860878
"Hadhb",0.399391760551652,0.58567855996766,-1.07297550810366
"Rpl13",0.48248848302792,0.589551693376344,-0.363255264481818
"Acot9",-0.573304056669366,0.590407761832621,-0.755513114047693
"Fbxo41",-0.795754389783643,0.591970800728547,-0.988773033898656
"Gad1",0.698874627812983,0.592214085561895,-1.364273536452
"Phb",0.284377401614617,0.597695069323267,-0.201729186404938
"Rhob",-0.295221222613575,0.59928344105904,-1.82652034686998
"Mtco2",0.354950984529625,0.601207122023938,-0.79458371499848
"Ckap4",0.0947661966253866,0.602492160834612,-1.29018480020627
"Vdac1",0.082688200993138,0.604782127751493,-0.571838584839296
"Tspan7",-0.0669107764381805,0.605697355027617,-0.19529762115747
"Cep170",0.581269564003734,0.608561463821995,0.0547522636683817
"Cox6c",0.522097572452622,0.60960758993736,-1.19192309299707
"Apoo",0.356035671683054,0.610505500231102,-1.81284539362178
"Pygb",-0.706416319836508,0.611789986124848,0.261290152596315
"Srgap3",-1.11431117979806,0.620458445023337,-0.811094122497739
"Gabrb2",1.30832565137158,0.624096840536444,-1.06802181793864
"Akr7a2",0.337438297172359,0.625734165378885,-0.225486319031336
"Rpl13a",0.562394065396481,0.626074465491195,-0.371631387388175
"Kiaa0513",0.685724270334038,0.628251787935312,0.0428074505345131
"Smpd3",-0.575961279919419,0.631951756045254,-0.127718313911459
"Septin8",-0.176165726729952,0.632147451039179,-0.273138954759284
"Prmt1",0.854555185984131,0.642248996278797,0.0241059534282421
"Ptpra",-0.574733971572226,0.644586704046224,-0.734325619838519
"Atp2b2",0.503444864529429,0.645784893972684,-1.29094568313282
"Arfgap1",0.169779939957583,0.646261537820373,-0.230699143674503
"Aars",-0.0833530157771645,0.647840183066062,-1.45516663557523
"Samm50",0.128894902032309,0.649851147516069,-0.500997036611338
"Pip4k2a",-0.451588246837504,0.655409112421114,-0.624504421979128
"Eif3k",0.319833212034637,0.660323045037337,0.608710201431671
"Pgam5",0.933174727300598,0.660894619788912,-0.230812276130466
"Eif4g1",0.698898779368539,0.666213086659946,-0.0194290180638098
"Rab6b",-0.0439218005915501,0.667587918121968,-1.25523069112752
"Rars",0.168066723638643,0.669821848948924,-0.360744104534487
"Dock4",-1.31753260839715,0.67196933283376,-0.655735164424335
"Bcap31",0.881488132032945,0.672870174723568,-0.198858158395887
"Hyou1",0.29671512853171,0.673918975897188,0.507855759823721
"Mblac2",-0.49700784789472,0.675220896901645,-1.16067961671757
"Atp5f1",-0.0547548955635187,0.676688571000063,-0.397464276885878
"Gars",0.511546789015176,0.676969837435466,-0.393539275094568
"Slc25a12",0.119076184535684,0.679348257437652,-1.76972829859402
"Copa",0.591784020171101,0.682142222291639,-0.109670189624594
"Pdk2",0.940436317752733,0.690230788339529,0.199360885132228
"Sbds",0.0217631608639809,0.690308509554231,-0.052980780289193
"Rab21",0.0989246532957429,0.691674353882096,-0.129919887213995
"Gnaz",-0.241001727443616,0.691687916946396,-0.799476029693718
"Psmc4",1.52625969621374,0.692267605765904,0.66643172764353
"Yars",0.480894349627831,0.699860672801456,-0.62653314155673
"Bsg",0.343459359415623,0.700296697183045,-0.517847834299592
"Echs1",0.027225012668309,0.700646757853112,-0.196991603386135
"Syp",-0.694473596138926,0.700729929695306,-1.11759800979241
"Camk2g",0.0885402124514267,0.708140512146923,-0.384845559230041
"Ddx1",1.3597144141787,0.708896676381391,-0.429176576416159
"M6pr",0.0868499244632084,0.710953948380886,0.461720593278468
"Brinp1",-0.224609248485153,0.712389261096151,-1.28506602510187
"Lphn1",-0.260995344484225,0.712493449662407,-0.650071119781001
"Clasp2",0.284912374149877,0.717318367588081,-0.758668603915462
"Prrt3",-0.152814480396714,0.720380596157514,-1.85836093038873
"Xpo7",0.125887566029919,0.722130186172476,-0.693286253415526
"Slc25a25",1.82607440241079,0.725407161083036,-1.82765991433823
"Agap2",-0.474762138053375,0.725412959954572,-1.43555016477408
"Ppm1h",-0.484930459286175,0.72747566178574,-0.92193555946421
"Ndrg2",-0.0651041566253497,0.729848062176563,0.0427047403371151
"Huwe1",0.312043710909774,0.730003309552259,-0.960414000502918
"Afg3l2",0.371633537505327,0.736467678741714,-0.678135900414669
"Slc25a3",0.878688649628799,0.746669737925973,-1.36901707282248
"Canx",0.393043983908242,0.750257914180442,-0.231732959208357
"Slc1a2",-1.11137464974273,0.752565575510783,-0.496838267487208
"Nptn",-0.405300113489728,0.753183204912967,-0.737476886006977
"Dbt",-0.0579454071747148,0.753858633598494,0.278013269055822
"Plxna1",-0.126539953645399,0.756557779335877,-1.00054974046347
"Anxa5",0.427573872704282,0.764443671283301,-0.00116569410363037
"Cct6a",0.122985738750074,0.766439567853463,-0.235589253862563
"Ipo5",1.28372270726334,0.766622044049839,-0.422353107668304
"Farp1",0.0760311058798441,0.767702898549939,-1.27521629119845
"Vars",0.717734842687936,0.767979336054879,-0.322733683660515
"Fkbp8",0.22341150850455,0.769242407143852,-0.268914025894944
"Efr3b",0.0980602765016809,0.774516249881009,-2.80507853973638
"Rab1A",0.880555895131076,0.776265668280323,-0.423155291434554
"Stmn2",-0.699537173196059,0.776841559298502,-0.186273386977483
"Sbf1",-0.474028003722918,0.78150332469398,-0.491713687033731
"Synpo",-0.488629572587189,0.781640851232614,-0.982944270373096
"Ptpn9",0.0396147817509044,0.786725486767982,-0.870237027521962
"Plaa",-0.421088199637727,0.788614968463629,0.124975075766119
"Hsp90ab1",-0.190640303275389,0.788621662164439,-0.150895988272196
"Opa3",0.592717074334043,0.794664299707552,-1.19056146280393
"Dclk2",0.556954805373197,0.804678541889259,-0.715930342001248
"Vps13c",-0.19509951239344,0.813700607623262,-0.640004820564089
"Kif5a",1.74060151703529,0.81398844953832,-0.222445044362884
"Ppfia3",-0.792137638429426,0.816090287854739,-0.911912710575513
"Vim",0.32521684362655,0.816413207543408,-0.29525552324648
"Cadm2",0.754864277122581,0.816661755666331,-1.14527516893223
"Cspg5",0.425558851288099,0.818671022389585,0.299343264088043
"Slc25a20",0.0660017703035233,0.820259355571961,-0.0646329492821467
"Pfkl",-0.538213213266567,0.825005829925382,-0.700913284668113
"Prrt2",-0.354586102209186,0.825801049499607,-1.0391602170065
"Rpsa",1.37659502673946,0.835512800133999,-0.0635881209904278
"Rufy3",0.496793435539469,0.835584548251272,-0.365247728366637
"Fam126b",-0.0428664378778811,0.840139983428044,-0.46120766471502
"Wdr7",-0.695851377183378,0.854692075905548,-0.63567654170375
"Myo18a",-0.095338765107989,0.855436273473814,-0.896075971156525
"Arfgef2",0.358843185766815,0.856493430648701,-2.61727996873229
"Hsp90b1",-0.264180064233358,0.859417145681722,0.56529526209666
"Ndufb8",0.114303849295553,0.86082210025203,-0.677072512664523
"Cpne7",-1.44537686307116,0.864229680887291,-1.34996356310749
"Vps35",0.0628179573009467,0.864790068425096,-0.681582627657135
"Kit",-0.383424921075608,0.86552136101107,-0.134729526799031
"Opa1",-0.277007298950374,0.86750135024184,-0.853145154415978
"G6pdx",0.641636511723656,0.869740519545777,0.0351071087676377
"Ntrk3",-0.972551913421424,0.871538619622151,-1.84687332615989
"Syngr1",-1.1820887160131,0.87204363620275,-2.17910116628461
"Rlbp1",1.30694181355787,0.890256098770048,0.560466296451592
"Vps45",0.858941195517966,0.894370677705541,-0.125270156840057
"Psmc5",0.512898819159405,0.894967057443438,-0.275261788370291
"Shisa7",-1.48513465554062,0.898621070709861,-0.601483229292697
"Rtcb",0.761135636844335,0.902980457399726,-0.0936133874233805
"Eno1",0.233446596708299,0.904824945382755,0.0320849488879515
"Psmd12",0.769448031668962,0.906279648176466,0.136409051291534
"Rhot1",0.78893175917805,0.906635404542338,-0.909837806858878
"Eif3h",-0.000403515643643529,0.9107119071037,-0.171707791094055
"Erlin2",0.327761859581309,0.912306712176302,0.407989803886799
"Alg2",0.565765378275173,0.914179655258024,-1.8988543297584
"Rmdn3",0.853598375238209,0.914507623964051,-0.0765317417575029
"Mtmr9",0.240991420233733,0.915193822563131,-0.954712834849027
"Atp6v0d1",-0.473998674148716,0.919229985923768,-0.260296939915871
"Rabggta",0.147281998488255,0.919763353849956,-0.422636384885106
"Rpl8",0.65090081578851,0.920354849189688,-0.451835930494603
"Flot1",0.20247670163848,0.921133883175797,-1.34014686427932
"Kif2a",0.892142103263245,0.924799930013152,-0.544970814007673
"Hsph1",-0.275918168502405,0.929546873708226,-0.332030786058337
"Nars",0.186239277129096,0.930756570880536,-0.428479010785234
"Eif3a",0.23729838090306,0.931567604453187,-0.29881721142662
"Emc2",1.98759892375864,0.933606038305589,-0.176209595427345
"Pfkm",-0.0774129076138179,0.939610511750278,-1.2312898869229
"Kcnma1",-0.352804118059438,0.940296257187243,-1.48431136414965
"Phb2",-0.1255080117168,0.953300776389737,-0.834196767103235
"Idh1",-0.883023363398216,0.953641098135113,0.525475474487228
"Ubr4",0.498225746041019,0.953751827315988,-0.210801214909799
"Kars",0.472307949968057,0.954950616697338,-0.0971723446958872
"Eif3i",1.22847736888885,0.956248148953355,-0.231810732120416
"Rab14",-0.156978897248914,0.95717204075654,-0.443538509495334
"Cars",1.37427892444072,0.959222014854546,-1.12707505225184
"Tubb5",1.49448141799505,0.959505370279418,-0.503175786330808
"Otub1",0.331409934679072,0.960541932976111,0.173724472106643
"Vdac3",0.533715855739845,0.960845366990941,-0.779553322116635
"Slc4a10",-0.225221543355059,0.974643066926888,-2.2712398708308
"Git1",-0.0364399320233917,0.977357173667456,-0.154954583279729
"Cox4i1",0.340769501069947,0.981567459989495,-0.985851564889338
"Smap2",0.974442256558108,0.982840074281933,0.777936161203511
"Dctn1",0.745478064681178,0.985783300858486,-0.0366512233966771
"Pde1b",0.623421178955087,0.989633001952294,-1.34479637516998
"Rpl19",0.591368392652431,0.989772275810548,-1.29989549078775
"Gnb2l1",0.516479718746902,0.996410159854723,0.00111888066142385
"Vps53",0.411247252677349,0.999423899219937,0.298152062116437
"Eef1g",1.24980341361413,1.00750187811956,0.107740420768338
"Glg1",0.426622077841712,1.01273202979914,-0.281183720501321
"Nipsnap1",-0.360728523146599,1.01314258510301,0.0797465622482473
"Baiap2",-1.17000691710897,1.02048529481283,-0.647243611211984
"Shisa6",-1.8510266582595,1.02282597482222,-0.0176318875252109
"Osbpl2",1.54757005879617,1.03726854383114,0.320990456488961
"Rab18",0.0520631348863083,1.03938954273828,-0.102738248157299
"Slc3a2",-0.0461540575333027,1.04435003333636,-1.5052840108155
"Kif5c",-0.760956368017618,1.04661994206459,-0.0313059950923254
"Rab3gap1",1.31494096353079,1.05302853173331,-0.147650742567524
"Kif21a",-0.650643189761733,1.0576670637122,-0.897756170295968
"Cul1",0.860698516138502,1.0645114142029,-0.43987695811125
"Rpl31",0.862690578401627,1.06579372086252,-0.100445125720594
"Ncam1",1.17324702543151,1.06758493081057,-1.01389697567265
"Pfkp",-0.18333882826841,1.06858243277945,-2.06029015448316
"Rps26",0.454775964144786,1.07590410987323,-0.834267945724136
"Lrp1",0.137660320787092,1.07830460729562,-0.377654752261959
"Sfxn5",0.369401691837316,1.08114245342979,-0.929980493378529
"Atl1",-0.68751381021361,1.08137127030713,-1.91467099587752
"Olfm1",-0.810650849591052,1.08302684999202,-1.13022147734124
"Dync1h1",0.336492469997255,1.08526113890758,-0.763300939063219
"Gnai3",1.24740634124224,1.089014359649,-0.885553240186289
"Fmnl2",-0.0139913099032507,1.09935377309446,-1.14873159856822
"Acsbg1",1.28435057082905,1.10564973518387,-0.938693463429665
"Tnik",0.275922637927715,1.1193613883261,-1.42490553158413
"Rpl5",0.530143839040275,1.11948471536282,-0.527604023567243
"Uso1",0.621423042345128,1.12030033754183,-0.165392922351745
"Rps4x",0.622889843214304,1.12963682035609,-0.423286805736386
"Wdr37",-0.0248626475923743,1.13116660662574,-1.07065530705497
"Rps3",0.506436010961975,1.13619279047628,-1.1028961982783
"Wfs1",-0.852930323833567,1.14338193287614,-3.11635430074179
"Appl1",1.07982211871909,1.14415893458148,-1.35155368694713
"Nptxr",-0.808720303523096,1.14497510298015,-0.412679404881804
"Rps6",1.01111633482029,1.149629460836,-0.51712288529373
"Gpc1",-0.223937871428152,1.16536610609508,-0.302436887221749
"Src",-0.389723134926922,1.17699456094176,-1.19709189508303
"Atp1a2",0.713643528927094,1.18054132536514,-1.16288271442983
"Atp6v0a1",-0.918634375770333,1.18521090555496,-0.881988088866614
"Abhd16a",2.36783761122176,1.1890359552732,-1.60264966604797
"Pgrmc1",0.484035344405509,1.19409047708707,-0.644409957173014
"Hsd17b8",0.056986058612541,1.20103731775454,-0.735390947236512
"Slc25a18",1.94744391686436,1.20141476918205,-1.33512901803707
"Gabbr2",-0.252580863266286,1.20385957824593,-1.52215632813225
"Rab2a",-1.39804765005084,1.21079849028558,0.0682418155626334
"Rnh1",1.11802187696086,1.21202053110313,-0.3043849049555
"Acsl6",1.38925976643554,1.2216893407699,-2.22036533957932
"Rab7a",0.0950860280821551,1.23723264757786,-0.294268257318723
"Avl9",0.505957191732175,1.24191118535165,-1.03427707144048
"Dars",-0.302794769840261,1.24346322940956,-0.177219103221202
"Acat2",0.00363301525474512,1.2436277343288,0.406298158061657
"Rps18",0.692215464878062,1.24524518067472,-0.272575164168867
"Stxbp5",-0.412977434344298,1.27882203548825,-1.30288003837057
"Adrbk1",-0.0959892332991141,1.30071153662346,-0.623960191495709
"Clvs1",0.150060917752225,1.30342917669929,-1.55183742841278
"Vps29",-0.137513938482116,1.30403143515749,-0.272129756422928
"Napb",-0.105682053623083,1.31232983192998,-0.453533325333957
"Lonp1",0.807893735702247,1.31388483620245,-1.28252905958475
"Rpl7",0.662598569030895,1.31642090400739,-1.16602104852765
"Cdipt",0.585051635129403,1.31806837254368,-2.09878386130934
"Trio",-0.574260996639602,1.3259181983752,-0.238366970625581
"Rpl26",0.893769778954181,1.33067324823728,-0.155600495806198
"Iars2",-0.036518627887743,1.33159765687212,-0.627630291858188
"Atp1b2",1.25569620401703,1.35654685867116,-1.51045836597066
"Rnf14",1.31817493793082,1.35785247810369,-0.743537259971162
"Prdx6",-0.253850956659755,1.36663344276611,0.298753622277216
"Kif5b",0.597378457513738,1.3672676402616,-0.608942306365048
"Ctnna1",0.285230981777608,1.38194088573484,-0.324718574416731
"Emc1",0.175876155226572,1.38600388765352,-1.66241856918701
"Cyb5r3",0.0296355107740834,1.38610067919823,-1.80350907867531
"Eif3c",0.10416772868558,1.39505220113696,-1.06806563718513
"Por",0.332005077702596,1.39966409049891,-1.40483279916265
"Atad3",-0.72693237743207,1.42704212507257,-3.07952262686243
"Atp6v1d",0.00415220744181731,1.42724779041627,-0.149762615190198
"Sfxn3",-0.218293936005762,1.43584573868363,-1.83785571921924
"Rps14",0.27156675957299,1.4360234466365,-1.39163286281559
"Slc25a22",-0.916788110134804,1.44193433743526,-1.90729698148371
"Kif1a",0.0953123247098577,1.44988433660526,-0.362730402734682
"Gak",0.26962920171848,1.45140045193509,-1.09090646960956
"Trim3",0.335336124208444,1.45555498906568,-0.409762950160426
"Arhgap32",0.131648917046399,1.46095169722016,-1.09463570224456
"Psmc3",0.48738257019016,1.46400051138041,-0.159674712048062
"Prkce",-1.18080820731123,1.46591931145171,-2.14680034771108
"Abcb8",0.753101620546308,1.46930888678824,-0.948387719264839
"Fbxo2",0.729502837027354,1.47450444697681,-0.0774231884241404
"Shank3",-0.468630185691901,1.48087713868387,-1.0121288093094
"Bcs1l",-0.00949438404628165,1.4810830092615,-0.930284469537561
"Nos1",-0.154387389945759,1.49729163373115,-0.598425509184351
"Ykt6",-0.548246199954767,1.49880745933998,-1.80378322850509
"Rpl6",0.567426219716446,1.50154208751793,-0.510131807014206
"Rrbp1",0.514216644933424,1.51191320332303,-0.170749283612957
"Rpl18a",0.550736857492756,1.51684361193303,-0.554158419567736
"Tenm4",0.119057701321357,1.5214258158264,-2.28222862207486
"Arhgef12",0.113384290423813,1.52483837625033,-2.045311251428
"Nrxn3",0.515475683659368,1.53942423823201,-0.67447591253469
"Lingo1",-0.238937640730814,1.54369497007316,-1.41774278943092
"Ptprs",-1.2414392906826,1.54793324860082,-0.52461239649085
"Cyb5r1",0.729630348884028,1.55619189781392,-4.01737409408882
"Nisch",-0.0551988933359839,1.56605242017769,-0.756639414358716
"Psmd2",0.600753584457569,1.56775762416704,-1.12018575770519
"Stxbp5l",-0.654749411705723,1.57812326085929,-2.17517056469296
"Psmd1",0.34849602459361,1.57854565515559,-0.874216796732693
"Cyc1",0.664608036224915,1.5846600872482,-1.70430760477746
"Eprs",0.729536864427284,1.61724656390916,-0.463495640999344
"Slc6a17",-0.631509859595172,1.62193239816769,-2.03479587761007
"Gna13",-0.106382294155231,1.63109172777182,-2.74687094658759
"Capn2",0.942826194647056,1.63706973343771,-1.16729131377246
"Clasp1",0.572322255745453,1.67447191390487,-1.5025089527178
"Atp6ap1",-0.564706111645302,1.70589477732286,-0.103840128610973
"Stmn3",-0.0193904935560882,1.7085037887907,-0.631720946451536
"Fasn",0.136574115595636,1.70996982847451,-0.680722238384488
"Gng12",-0.309857015406391,1.72692105228359,-0.595434988875928
"Tmx2",1.98222725150983,1.7271505928761,-1.44291462989214
"Dst",0.574011186249996,1.73582699762208,-1.87232762354434
"Slc1a3",-0.272189923374284,1.747939498933,-1.35846494905214
"Atp8a1",-1.56143778559561,1.75804136166059,-1.77183550490858
"Abcb7",0.727033332092672,1.76520464846061,-2.01908107643295
"Arcn1",1.00479134330246,1.79305801287375,0.14824838959588
"Msn",-0.0768461613436791,1.79537379394324,-0.371076226846801
"Rab12",0.254656406581485,1.83490088415494,-0.213590187636047
"Ddost",0.435658707927594,1.84546160598851,-1.03594680052498
"Vti1b",0.79694416817366,1.85070522940518,-2.72634163470236
"Nedd4",0.0907330614229671,1.87162486916883,-1.48056008719595
"Ncam2",1.0659865744843,1.88934620395583,-2.32135198524291
"Dock9",0.703593587012868,1.91433744532216,-0.390541725097665
"Camk2d",0.509951782959834,1.94233313780256,-2.58250376058548
"Aldh1l1",0.463804566264021,1.94853048206876,-0.531162667937315
"Ncln",0.820881516886499,1.96043404313347,-1.80046157296976
"Rundc3a",-0.143184472019055,1.96440774783662,-0.442114807802221
"Crtac1",0.567041803045622,2.0126776605035,-1.61784462065343
"Arhgap1",0.565512187261955,2.01526614927262,-1.23161793706739
"Hrsp12",0.132010789192477,2.05191232445722,-0.062511464383157
"Snap47",-0.075861011778818,2.07048753815174,-1.11168903563427
"Dhcr7",1.46169440509193,2.0783645791255,-0.457797349223905
"Pde2a",-0.230700373401311,2.0802059577354,-1.78851815883068
"Krt76",-0.222229054036683,2.11007679506067,-4.75574080978887
"Lars",0.514586072945548,2.16467625335842,-0.470171237281026
"Dhrs1",0.387350209454012,2.22435245103147,-1.3382528589986
"Rheb",-0.357579525842403,2.23905775000764,-0.761840763840898
"Cyp46a1",0.249501087164038,2.29133969219159,-2.66800424140462
"Acaca",0.0704964968920742,2.3131148501312,-0.552976407032552
"Acly",0.611974519718387,2.39007120143764,-0.360857027575821
"Pld3",-0.668448166778319,2.39764367212121,-0.0934025167230242
"Syn3",1.19624565974031,2.46244606482613,-3.92653875437067
"Aqp4",0.228117994820782,2.47312014912778,-1.85934113214112
"Rab39b",-0.0699805010045359,2.49622942415967,-0.73052814777304
"Ncstn",0.730452109345446,2.50768371891055,0.436934248240166
"Krt5",-0.605342580777645,2.51711002132365,-3.07080377703797
"Hsdl1",1.45987831145606,2.52547774346673,-1.80105638389887
"Anxa3",0.251776619094357,2.54464500262362,0.482577056004939
"Eif3l",1.38156146368759,2.61702406737219,-0.729242149929489
"Clstn1",-0.32545186588311,2.69096106783055,-0.0141799813775422
"Arl8a",0.976913216491326,2.87990263498951,0.0327841282586407
"Nrxn1",0.195775349648634,3.0344828695614,-1.06635316075416
"S100a6",0.347808837465833,3.126546320801,-0.70308226180635
"Hmgcs1",0.808904426314127,3.17036425524398,-0.608802663830155
"Slc1a4",0.756697401091443,3.17742977158991,-2.00711873968186
"C1qb",-0.3239605888615,3.194622218508,-0.425632858798613
"Hexb",-1.48249153437059,3.1967606504131,0.0875717916951763
"Stx12",0.576491049185612,3.21179374311789,-0.308417568922472
"Mars",1.59681473948559,3.4250702406696,-1.64099416601086
"Gfap",0.135379169712235,3.64592681871842,-0.0538132424383206
"Clu",-0.637518065277705,3.89247799957006,-0.572247988828663
"Arl8b",-0.309247386726395,4.30656900920713,-0.35877063802122
"Apoe",-0.00977163853796743,4.37587633070073,-0.546389256611618
"Rab15",-0.167145095085652,4.70568278102674,-1.72542580299359
"App",-0.427771809054828,4.94211514871489,-0.406518083518939
